training_seed,condition_id,condition_family,joint_one_based,success_count,success_rate,success_rate_delta_vs_baseline,desired_revolutions_mean,desired_revolutions_delta_mean,desired_revolutions_delta_ci_low,desired_revolutions_delta_ci_high,forward_body_lengths_mean,forward_body_lengths_delta_mean,forward_body_lengths_delta_ci_low,forward_body_lengths_delta_ci_high,desired_active_rotation_fraction_mean,desired_active_rotation_fraction_delta_mean,desired_active_rotation_fraction_delta_ci_low,desired_active_rotation_fraction_delta_ci_high
9201,BASELINE,global,,20,1.0,0.0,2.26650603690148,0.0,0.0,0.0,3.1285480230589835,0.0,0.0,0.0,0.8507314915684349,0.0,0.0,0.0
9201,GLOBAL_K1_OFF,global,,0,0.0,-1.0,-0.0012336034791144267,-2.267739640380594,-2.446554094587394,-2.0800865094825154,0.6002157744713517,-2.528332248587632,-2.680492849528076,-2.370944809996246,0.49604019645485337,-0.3546912951135818,-0.37877596498946986,-0.32701597191122583
9201,GLOBAL_K2_OFF,global,,15,0.75,-0.25,1.562422911079162,-0.7040831258223175,-1.0464303715308028,-0.37024580922404554,3.255250299998365,0.1267022769393818,-0.4370757787948628,0.6391206666849988,0.7351699662958553,-0.11556152527257979,-0.1575911933864939,-0.0742577654276246
9201,GLOBAL_BOTH_OFF,global,,0,0.0,-1.0,1.1653846816431337e-05,-2.2664943830546633,-2.44484569898682,-2.0714361081171435,-1.155759482307676e-05,-3.128559580653807,-3.275734922882761,-2.9788557374051594,0.4330485560748718,-0.41768293549356317,-0.5745856729203699,-0.24777002601709955
9201,J01_BOTH_OFF,whole_joint_ablation,1.0,0,0.0,-1.0,-0.004074881583268515,-2.270580918484748,-2.445357546025913,-2.080087047455311,0.47976149010729874,-2.648786532951685,-2.802949595766378,-2.492665174937074,0.45175795741656016,-0.39897353415187486,-0.42092444846045635,-0.37609514582035336
9201,J02_BOTH_OFF,whole_joint_ablation,2.0,0,0.0,-1.0,-0.000859607574555495,-2.267365644476035,-2.448284126023337,-2.07929504978226,0.6601424071876275,-2.4684056158713563,-2.621221868360953,-2.32100298048114,0.47431372692075663,-0.3764177646476784,-0.40035725893631885,-0.35078752494253135
9201,J03_BOTH_OFF,whole_joint_ablation,3.0,0,0.0,-1.0,0.007243471667715075,-2.259262565233765,-2.4375237546387933,-2.0654850822766058,0.8861964503279065,-2.242351572731077,-2.398095104490315,-2.0867083393817842,0.48263161675911864,-0.3680998748093164,-0.38842208027362773,-0.3451058835844407
9201,J04_BOTH_OFF,whole_joint_ablation,4.0,15,0.75,-0.25,1.53719011924177,-0.7293159176597099,-1.0655675530740645,-0.3968330573044723,3.3351678845032895,0.20661986144430505,-0.360340446802467,0.7042147291107445,0.7712414745841778,-0.07949001698425723,-0.12043718333404667,-0.04000182500203078
9201,J05_BOTH_OFF,whole_joint_ablation,5.0,5,0.25,-0.75,0.7842852082311594,-1.4822208286703202,-1.6811688957558566,-1.2733648767254406,2.0863961912884217,-1.0421518317705623,-1.3211351648468634,-0.7772992942408348,0.6623490771352282,-0.18838241443320686,-0.22132948023316681,-0.15431558226015019
9201,J06_BOTH_OFF,whole_joint_ablation,6.0,12,0.6,-0.4,1.2405637862099779,-1.025942250691502,-1.31517838981825,-0.7162000075019139,2.0816149245940925,-1.046933098464892,-1.3713365402652837,-0.7047245727249095,0.742104881213207,-0.108626610355228,-0.1475353600387839,-0.06933817756814166
9201,J07_BOTH_OFF,whole_joint_ablation,7.0,17,0.85,-0.15000000000000002,1.775097298717015,-0.4914087381844645,-0.7779939116007256,-0.20162014813623763,2.522069516136238,-0.6064785069227457,-0.9646871618858988,-0.2546125512997957,0.7997427943827125,-0.05098869718572252,-0.09536269879653576,-0.010648532857970176
9201,J08_BOTH_OFF,whole_joint_ablation,8.0,20,1.0,0.0,2.6991270834785093,0.43262104657702916,0.2062351463505716,0.6584763228678678,3.13241659197831,0.0038685689193265205,-0.19587467126287697,0.20608916165271662,0.9165373410551834,0.06580584948674832,0.04589478840171305,0.08770790451797061
9201,J01_ONLY,single_joint_retention,1.0,0,0.0,-1.0,0.00508366775590941,-2.261422369145571,-2.4360624974195484,-2.0719063572312706,-0.027530548971176738,-3.15607857203016,-3.3047351281871853,-3.008840322517125,0.47163233435005114,-0.3790991572183839,-0.3977668582729562,-0.3566610589249775
9201,J02_ONLY,single_joint_retention,2.0,0,0.0,-1.0,-0.00011660476038022143,-2.2666226416618604,-2.4393274074594373,-2.077658481725127,-6.55763431888147e-05,-3.128613599402173,-3.2799673203591797,-2.9809755965671236,0.49147061038229556,-0.35926088118613947,-0.3944120237828613,-0.3212290773809254
9201,J03_ONLY,single_joint_retention,3.0,0,0.0,-1.0,6.0842915481915974e-05,-2.266445193985998,-2.4409315055611054,-2.0783232614390976,-0.007267820295621808,-3.1358158433546053,-3.2855141636455953,-2.982970517442959,0.5853381419966619,-0.265393349571773,-0.29196412658381443,-0.23686629681902463
9201,J04_ONLY,single_joint_retention,4.0,0,0.0,-1.0,1.1650292684804438e-05,-2.2664943866087954,-2.4422008812543363,-2.0773455663756186,1.3647981341265953e-05,-3.128534375077643,-3.279257687955919,-2.981966893879748,0.49555082757494623,-0.3551806639934888,-0.48079910745209925,-0.23638058809491266
9201,J05_ONLY,single_joint_retention,5.0,0,0.0,-1.0,-2.5815234619924796e-05,-2.2665318521361,-2.4373367846016065,-2.0801188278294362,0.0021007683300360265,-3.1264472547289475,-3.2741975736273403,-2.9785407519840756,0.3944822949510537,-0.4562491966173813,-0.5403669791792309,-0.37896294210338777
9201,J06_ONLY,single_joint_retention,6.0,0,0.0,-1.0,-0.0011106682392440649,-2.2676167051407243,-2.4458561395076757,-2.080144225067045,0.04604390374165654,-3.082504119317327,-3.23017546734927,-2.9339452655482714,0.6069059373582751,-0.24382555421015978,-0.2626624103651575,-0.22251471208905743
9201,J07_ONLY,single_joint_retention,7.0,0,0.0,-1.0,-0.00260076356129783,-2.2691068004627777,-2.441936539810872,-2.078091916193227,0.008725433265821116,-3.1198225897931624,-3.267712249772172,-2.9778372873233634,0.5102878108179432,-0.3404436807504919,-0.3580134826308549,-0.3201403071711976
9201,J08_ONLY,single_joint_retention,8.0,0,0.0,-1.0,-0.011204564181987845,-2.277710601083468,-2.4566811172840146,-2.0866275576120143,0.019174495984024927,-3.109373527074959,-3.2570375255753516,-2.959228509183142,0.45720338618204026,-0.3935281053863947,-0.4100943847084298,-0.3737875471673966
9201,J01_K1_OFF,joint_k1_ablation,1.0,16,0.8,-0.19999999999999996,1.4281280419760123,-0.8383779949254677,-1.132407835575744,-0.5568596012553603,2.888198422179243,-0.24034960087974047,-0.7476505930423764,0.174250632602559,0.7492558966971798,-0.10147559487125521,-0.14359081631937592,-0.06304826147207189
9201,J02_K1_OFF,joint_k1_ablation,2.0,0,0.0,-1.0,0.006488761104302505,-2.2600172757971775,-2.4369421454444633,-2.0744089464143194,0.6541238719256841,-2.4744241511332996,-2.628645993430799,-2.3228068279119043,0.4848088965233187,-0.36592259504511626,-0.38447847982915,-0.3453667055997079
9201,J03_K1_OFF,joint_k1_ablation,3.0,4,0.2,-0.8,0.5315237003267479,-1.7349823365747319,-1.965240763616106,-1.5006652439857924,1.3985755967012028,-1.7299724263577811,-1.9612400712042095,-1.4814882662025817,0.5858482977894649,-0.26488319377896996,-0.30561647473964315,-0.22356110929641765
9201,J04_K1_OFF,joint_k1_ablation,4.0,0,0.0,-1.0,-0.12358584289800956,-2.3900918797994892,-2.5702880106610992,-2.1982480275281544,1.1642518035480034,-1.9642962195109799,-2.1533058339932762,-1.7852309441299723,0.5020045239401835,-0.3487269676282515,-0.37097728216029774,-0.32522363669790605
9201,J05_K1_OFF,joint_k1_ablation,5.0,19,0.95,-0.050000000000000044,1.816734386817733,-0.44977165008374753,-0.7042959381437044,-0.20748390529947353,2.7194503304832156,-0.4090976925757682,-0.7396135990522418,-0.10012158501875308,0.807179077399744,-0.043552414168691045,-0.07915514114227681,-0.01024587567426563
9201,J06_K1_OFF,joint_k1_ablation,6.0,20,1.0,0.0,1.901106526936814,-0.36539950996466575,-0.5698794224369627,-0.17108043950378976,2.8064207952683202,-0.3221272277906639,-0.5795300588952311,-0.05623690638627582,0.8281130677966433,-0.022618423771791712,-0.04499626367719659,0.00034994699493354615
9201,J07_K1_OFF,joint_k1_ablation,7.0,19,0.95,-0.050000000000000044,2.150146601094991,-0.11635943580648914,-0.47439695878882604,0.1793081208674389,2.820931633507059,-0.30761638955192466,-0.7819601634823862,0.05193438437209269,0.8426217942020827,-0.008109697366352253,-0.050944494247736914,0.0266706700288315
9201,J08_K1_OFF,joint_k1_ablation,8.0,20,1.0,0.0,2.1359784608474968,-0.13052757605398346,-0.3280097980635208,0.07370852974600456,2.984945675367267,-0.1436023476917167,-0.37510472482480217,0.06799376459156506,0.838273728681411,-0.012457762887023887,-0.037871140853507006,0.014943419493353784
9201,J01_K2_OFF,joint_k2_ablation,1.0,12,0.6,-0.4,1.2211646089568526,-1.0453414279446267,-1.3984283490688223,-0.6888272967800533,1.8188641805456254,-1.3096838425133586,-1.8348349256496435,-0.8361866718286999,0.7031247548385167,-0.1476067367299183,-0.18935839271707003,-0.10965001188572664
9201,J02_K2_OFF,joint_k2_ablation,2.0,7,0.35,-0.65,0.7745780545835486,-1.491927982317931,-1.8089929681071426,-1.1446033119761094,1.570650481303185,-1.5578975417557992,-2.299130638055706,-0.7947665715327921,0.6620022949092372,-0.18872919665919782,-0.23299215964482692,-0.14175395997892917
9201,J03_K2_OFF,joint_k2_ablation,3.0,20,1.0,0.0,2.485801114909887,0.2192950780084065,-0.02694701933855016,0.45894468906450075,3.8201641906699684,0.6916161676109848,0.44926467917936375,0.9421497205765456,0.8550795655077243,0.0043480739392892705,-0.02105588138512711,0.03063666284528824
9201,J04_K2_OFF,joint_k2_ablation,4.0,19,0.95,-0.050000000000000044,2.124117597186351,-0.14238843971512882,-0.45915956174837935,0.14128137855177086,3.070174769798884,-0.05837325326010005,-0.3610307856796995,0.19146696457550383,0.8360120683077634,-0.014719423260671572,-0.05128831837233129,0.0181341023991932
9201,J05_K2_OFF,joint_k2_ablation,5.0,20,1.0,0.0,2.374769699128181,0.10826366222670114,-0.14563511085065825,0.36348662448839075,3.7017741590689974,0.5732261360100137,0.332550216513628,0.824031724882328,0.8435422833101847,-0.007189208258250407,-0.026375869684683917,0.012240737537107001
9201,J06_K2_OFF,joint_k2_ablation,6.0,20,1.0,0.0,2.713106094364575,0.4466000574630951,0.29728639757864744,0.6086967696844431,3.470716050755874,0.34216802769688953,0.16358187652633618,0.5176741097816602,0.8764599557046487,0.025728464136213852,0.0044448885249248815,0.04764132056888411
9201,J07_K2_OFF,joint_k2_ablation,7.0,20,1.0,0.0,2.330660276685443,0.06415423978396297,-0.13107096608213373,0.25364554738599593,3.16654906701092,0.03800104395193642,-0.22322593517966216,0.29521493295405693,0.8652442015300362,0.0145127099616012,-0.004140068138795279,0.034556468180901946
9201,J08_K2_OFF,joint_k2_ablation,8.0,20,1.0,0.0,2.487352132586824,0.22084609568534433,-0.04111116662676974,0.4960319855622503,3.2215485738824183,0.09300055082343439,-0.09765765747812133,0.29039912706117094,0.8617924134991336,0.011060921930698686,-0.013743761957626268,0.03579742571805892
9205,BASELINE,global,,20,1.0,0.0,1.604744605656076,0.0,0.0,0.0,2.7073029136883395,0.0,0.0,0.0,0.8623090622348869,0.0,0.0,0.0
9205,GLOBAL_K1_OFF,global,,0,0.0,-1.0,0.00800465878070768,-1.596739946875368,-1.6835991824523662,-1.5006969965704584,-0.02569183612896967,-2.7329947498173084,-2.9340056031549464,-2.5251845995961815,0.5509345964776156,-0.3113744657572711,-0.3312593769685275,-0.287910087663779
9205,GLOBAL_K2_OFF,global,,0,0.0,-1.0,0.39306852833001926,-1.2116760773260564,-1.3676699827820789,-1.0533933981144126,0.9945509484220194,-1.7127519652663203,-2.105244280449069,-1.300387228240954,0.5760013633447345,-0.2863076988901522,-0.3181379992706663,-0.2530877454766571
9205,GLOBAL_BOTH_OFF,global,,0,0.0,-1.0,1.1653846816431337e-05,-1.6047329518092588,-1.692084442913526,-1.5076031555510832,-1.155759482307676e-05,-2.707314471283163,-2.9099801773458513,-2.5012840174025506,0.4330485560748718,-0.4292605061600149,-0.5907569345373702,-0.2667300038696984
9205,J01_BOTH_OFF,whole_joint_ablation,1.0,0,0.0,-1.0,0.004870486270153969,-1.5998741193859218,-1.6876193669167665,-1.50528399592822,0.023671269640913154,-2.6836316440474266,-2.8822798392852373,-2.4772958674466907,0.4800242619544929,-0.38228480028039397,-0.40287831181867273,-0.3571858851220759
9205,J02_BOTH_OFF,whole_joint_ablation,2.0,0,0.0,-1.0,-0.0023125112838637946,-1.6070571169399392,-1.6961916641995618,-1.5104448756377507,0.06817660815494303,-2.639126305533397,-2.8462352238990576,-2.421168990307404,0.4899343389758619,-0.37237472325902476,-0.39814726522571103,-0.34370168104847315
9205,J03_BOTH_OFF,whole_joint_ablation,3.0,0,0.0,-1.0,0.004178219233392967,-1.600566386422683,-1.6874691348690223,-1.5053635279507342,0.009936731126979155,-2.6973661825613604,-2.8987848648931354,-2.4899057201478745,0.43650454696855806,-0.42580451526632873,-0.44556885620855635,-0.40207497982262264
9205,J04_BOTH_OFF,whole_joint_ablation,4.0,19,0.95,-0.050000000000000044,1.492024831638838,-0.11271977401723747,-0.281382897438118,0.060368126152195944,2.2662036540087795,-0.4410992596795598,-0.7407395666204343,-0.12609133556892896,0.8594531283209955,-0.002855933913891212,-0.027332245462329284,0.02321065042123721
9205,J05_BOTH_OFF,whole_joint_ablation,5.0,2,0.1,-0.9,0.3366410579317353,-1.2681035477243403,-1.454893142856153,-1.0427060247299706,0.4408584631394275,-2.266444450548912,-2.5858388809484643,-1.924166858009518,0.7225271213436002,-0.13978194089128654,-0.1909417729317631,-0.0825611970209682
9205,J06_BOTH_OFF,whole_joint_ablation,6.0,13,0.65,-0.35,1.2140078779088173,-0.3907367277472584,-0.7201814643839307,-0.0665591669359689,1.4165153207609444,-1.2907875929273955,-1.783932287676577,-0.8116800681006847,0.731101278105543,-0.13120778412934375,-0.19756155162827635,-0.0651331068830105
9205,J07_BOTH_OFF,whole_joint_ablation,7.0,0,0.0,-1.0,0.1899997715046106,-1.414744834151465,-1.5043020840324814,-1.317992567516869,0.3665749497938984,-2.3407279638944414,-2.544135894775596,-2.1342920874515405,0.7380240627613996,-0.12428499947348723,-0.1495246198256904,-0.09675962357880424
9205,J08_BOTH_OFF,whole_joint_ablation,8.0,19,0.95,-0.050000000000000044,1.6131552828293465,0.008410677173270709,-0.15363701969810067,0.14260616157439399,2.6960265964320795,-0.011276317256260071,-0.4122396689401286,0.3386250936651265,0.865843128506134,0.0035340662712471825,-0.023951471933214254,0.035929087537320305
9205,J01_ONLY,single_joint_retention,1.0,0,0.0,-1.0,0.00555592001131878,-1.599188685644757,-1.6875010037529925,-1.5009922243525906,-0.023574480391156373,-2.7308773940794957,-2.932660405775962,-2.523209026965842,0.48001806465630625,-0.38229099757858054,-0.4030714391423901,-0.3569050938673815
9205,J02_ONLY,single_joint_retention,2.0,0,0.0,-1.0,0.0003923071333480625,-1.6043522985227276,-1.6945023704762008,-1.5099973370422308,-0.0182358731372306,-2.7255387868255694,-2.9285741766795477,-2.5145150535246565,0.5743082496849177,-0.288000812549969,-0.3107087061207905,-0.2620170140918043
9205,J03_ONLY,single_joint_retention,3.0,0,0.0,-1.0,0.0003185529036780703,-1.6044260527523975,-1.6924367303925738,-1.5074000872352011,-0.00013467762706213929,-2.7074375913154016,-2.904910668812252,-2.499561474525012,0.5509983665823078,-0.31131069565257885,-0.3965529512313538,-0.22201934306850954
9205,J04_ONLY,single_joint_retention,4.0,0,0.0,-1.0,1.9492999344495837e-05,-1.6047251126567315,-1.6938439226435247,-1.5080113400366668,-0.0020084833342651856,-2.7093113970226046,-2.9084627377363823,-2.4957788985037745,0.4577212053811853,-0.4045878568537014,-0.4677196718510369,-0.3421778407329705
9205,J05_ONLY,single_joint_retention,5.0,0,0.0,-1.0,4.792711535649465e-06,-1.6047398129445398,-1.6930834427432164,-1.5087031089962295,0.0004190430568715931,-2.7068838706314677,-2.9078181503541582,-2.4983981764447707,0.5592715617715618,-0.303037500463325,-0.44982952661769554,-0.15951110997287765
9205,J06_ONLY,single_joint_retention,6.0,0,0.0,-1.0,1.1669672393441455e-05,-1.6047329359836824,-1.692943601226245,-1.5073215997743605,-2.597461082071073e-05,-2.70732888829916,-2.910938093623707,-2.4998599446293492,0.5576783497894178,-0.30463071244546885,-0.42704032787043256,-0.17877093316974246
9205,J07_ONLY,single_joint_retention,7.0,0,0.0,-1.0,-0.001440910579701429,-1.606185516235777,-1.6944226019158317,-1.5086094190567543,0.015220421574043236,-2.692082492114296,-2.8943728875795354,-2.4837966794326247,0.4999232240665795,-0.3623858381683073,-0.3868150935163437,-0.33539029185472624
9205,J08_ONLY,single_joint_retention,8.0,0,0.0,-1.0,1.1577257089298148e-05,-1.6047330283989865,-1.6928337657338137,-1.5083111905985984,-5.122529730639633e-05,-2.707354138985646,-2.9024969078334064,-2.5041790448997827,0.48382423891247417,-0.37848482332241257,-0.49923976801415987,-0.2590724200733955
9205,J01_K1_OFF,joint_k1_ablation,1.0,20,1.0,0.0,1.7816824238219513,0.1769378181658759,-0.012548526059066888,0.35948883656783726,3.1676501488566844,0.46034723516834497,0.09888099742636926,0.7994642311837049,0.871253114426031,0.008944052191144369,-0.02788454293268042,0.045147519505073924
9205,J02_K1_OFF,joint_k1_ablation,2.0,1,0.05,-0.95,0.39429213782824113,-1.2104524678278348,-1.392475725161425,-1.0172871261841905,0.5251858779037498,-2.18211703578459,-2.4717389282532753,-1.8909806940242604,0.5756643358625032,-0.2866447263723835,-0.33106802396987384,-0.242404006215778
9205,J03_K1_OFF,joint_k1_ablation,3.0,0,0.0,-1.0,0.16471231286239932,-1.4400322927936762,-1.5725311056461606,-1.2969426985530434,0.42553808977511565,-2.2817648239132238,-2.5439788568207833,-2.021323763867939,0.5169299787461714,-0.3453790834887153,-0.37928332146554167,-0.30920297367303445
9205,J04_K1_OFF,joint_k1_ablation,4.0,16,0.8,-0.19999999999999996,1.6372758408112056,0.032531235155129866,-0.2833715129513773,0.3141208950946999,1.9336621820412243,-0.7736407316471151,-1.1471993074472895,-0.39082453371632714,0.8570861541081388,-0.005222908126747955,-0.03553187637197645,0.02388187523099028
9205,J05_K1_OFF,joint_k1_ablation,5.0,19,0.95,-0.050000000000000044,1.514032399781861,-0.09071220587421462,-0.24164230755978897,0.05998358725704975,2.8529099384248284,0.14560702473648907,-0.20287812777263411,0.45839617493144513,0.8439379231661933,-0.0183711390686934,-0.04521307234831917,0.008701013387308564
9205,J06_K1_OFF,joint_k1_ablation,6.0,0,0.0,-1.0,0.005757947382784003,-1.5989866582732917,-1.7428715109092074,-1.4313992521548322,0.026208144977984245,-2.681094768710355,-2.9593101582766,-2.3871479750173936,0.510830363905787,-0.3514786983290998,-0.3896675709061112,-0.3079810760509711
9205,J07_K1_OFF,joint_k1_ablation,7.0,15,0.75,-0.25,1.0793284964338972,-0.5254161092221787,-0.6908390247692852,-0.37122159645774144,1.797332048453502,-0.9099708652348376,-1.2366141693984054,-0.6057056914250228,0.7896261556943208,-0.0726829065405659,-0.11076683387250547,-0.03559025585921583
9205,J08_K1_OFF,joint_k1_ablation,8.0,17,0.85,-0.15000000000000002,1.3865536074172866,-0.21819099823878899,-0.4947405513876707,0.021032819822704645,2.2978389572923685,-0.40946395639597083,-0.8966566582895601,0.04453603169913839,0.8380245922834394,-0.02428446995144723,-0.08102919986484988,0.025466903732740947
9205,J01_K2_OFF,joint_k2_ablation,1.0,0,0.0,-1.0,0.20817899381399424,-1.3965656118420815,-1.5130043190491653,-1.2696812383251745,0.436098627506432,-2.271204286181908,-2.5155742292393795,-1.9822193388891123,0.5683053908908665,-0.2940036713440203,-0.3220752040396767,-0.26235117501624694
9205,J02_K2_OFF,joint_k2_ablation,2.0,11,0.55,-0.44999999999999996,1.0067169212946483,-0.5980276843614275,-0.7589633014814512,-0.44105811955252944,2.207149010147339,-0.5001539035410001,-0.9372272515664346,-0.127504902760081,0.7552577626339824,-0.10705129960090445,-0.14717062798867145,-0.07014167406721389
9205,J03_K2_OFF,joint_k2_ablation,3.0,20,1.0,0.0,1.783341043699106,0.1785964380430305,0.049243459761372226,0.29099967235302554,2.889242859528885,0.18193994584054538,-0.06355787107448663,0.4326617286243119,0.850848533628783,-0.011460528606103592,-0.03758275589971238,0.015611032128430695
9205,J04_K2_OFF,joint_k2_ablation,4.0,19,0.95,-0.050000000000000044,1.5137383434596934,-0.09100626219638233,-0.2560381020857408,0.05889342617517792,2.7871375265291802,0.07983461284084106,-0.210308032311191,0.3722615885826175,0.865203022043436,0.002893959808549251,-0.022321673176356287,0.029677463422184764
9205,J05_K2_OFF,joint_k2_ablation,5.0,20,1.0,0.0,1.6789518380993904,0.0742072324433149,-0.0380331422338812,0.19191476995451456,3.2158933414153936,0.5085904277270535,0.24818196417126756,0.7529394223410831,0.8593164686282236,-0.002992593606663191,-0.02649402482283448,0.022704267218467217
9205,J06_K2_OFF,joint_k2_ablation,6.0,20,1.0,0.0,1.5741144532245455,-0.030630152431530156,-0.16533154567038263,0.11180391050193407,3.0920186167232027,0.38471570303486324,0.05101381369768046,0.7124064213104543,0.8490850763447446,-0.013223985890142242,-0.04140028534732132,0.015984688817921547
9205,J07_K2_OFF,joint_k2_ablation,7.0,20,1.0,0.0,1.7070779749836256,0.10233336932754986,-0.011892760194214202,0.21719783258208894,2.8443755489613034,0.13707263527296423,-0.1801258968754923,0.4532358615100114,0.86787024743714,0.005561185202253271,-0.01951760502577388,0.03262219530408094
9205,J08_K2_OFF,joint_k2_ablation,8.0,20,1.0,0.0,1.5514076963743513,-0.05333690928172442,-0.2213622198347761,0.11928791542077873,2.6171805084279876,-0.09012240526035176,-0.36648229800352494,0.18810442658083107,0.848150546473818,-0.01415851576106858,-0.04505769162967745,0.01742435544329118
