study,paper_arm,archive_tag,training_seed,formal_run_index,relative_path,bytes,sha256
formal_six,HPR-DTH-PS,DTH,9201,0,checkpoints/formal_six/runs/formal__seed9201__DTH/checkpoint_1500.pt,563775,1c3f8daac5873161ecdea97d9f899b27baa315051b28479d8855fc2e4dd4bb4f
formal_six,HPR-THDOT-PS,THDOT,9201,0,checkpoints/formal_six/runs/formal__seed9201__THDOT/checkpoint_1500.pt,572991,3b8d35d6a2d1e5b7fe197c41a51041411bbb272fcbca0a6a61e35cb09a43885e
formal_six,HPR-OBS-PS,OBS,9201,0,checkpoints/formal_six/runs/formal__seed9201__OBS/checkpoint_1500.pt,554495,fcef54913e3fee8bf2af2de608b7e9aac4e98b9caefce0fbfacd16ad23c53de2
formal_six,HPR-O2-PS,HPR__O2shared,9201,0,checkpoints/formal_six/runs/formal__seed9201__HPR__O2shared/checkpoint_1500.pt,565823,24286528f22a8aba91dac7af13ab49f58ef99c1a5fdaf840271f7623556d1ab5
formal_six,HPR-O2-JS,R0,9201,0,checkpoints/formal_six/runs/formal__seed9201__R0/checkpoint_1500.pt,2458303,90f37918b9d3c2a0d50752c0db73940b03b79626d94dfde3381df2b0d3a0ae52
formal_six,SGRR-O2-JS,Rroll,9201,0,checkpoints/formal_six/runs/formal__seed9201__Rroll/checkpoint_1500.pt,2458367,a613b221f62d83088f66d8a3aa0a53277f3dd7aa0b98c661be5b2fe8774d83b2
formal_six,HPR-DTH-PS,DTH,9202,1,checkpoints/formal_six/runs/formal__seed9202__DTH/checkpoint_1500.pt,563775,9379c100ee5c039b5046451a9a5585beb4f7450dc166ef15f1a84b544c2602b6
formal_six,HPR-THDOT-PS,THDOT,9202,1,checkpoints/formal_six/runs/formal__seed9202__THDOT/checkpoint_1500.pt,572991,1d41b50b5c512589f09c0aa1eb278ebdec9afde3add25ec916835f6b429e6521
formal_six,HPR-OBS-PS,OBS,9202,1,checkpoints/formal_six/runs/formal__seed9202__OBS/checkpoint_1500.pt,554495,6f7ea30cb59c509a996edd8f1b876b757bf17f94c30d18475e6db2013e991960
formal_six,HPR-O2-PS,HPR__O2shared,9202,1,checkpoints/formal_six/runs/formal__seed9202__HPR__O2shared/checkpoint_1500.pt,565823,cf72cbfa0760a57f8f9e5c9c933ce0ade1db3824a2e6bf8ff4a173904581dc9d
formal_six,HPR-O2-JS,R0,9202,1,checkpoints/formal_six/runs/formal__seed9202__R0/checkpoint_1500.pt,2458303,808f771f877ac4243f9fc33357cd255a7254bca43c2c60e2d96a130d9b15a547
formal_six,SGRR-O2-JS,Rroll,9202,1,checkpoints/formal_six/runs/formal__seed9202__Rroll/checkpoint_1500.pt,2458367,b6d74609bb2fae16f80c4ac14bf4ab4342fcb33ad9c6df1d6fd955edb2885b6c
formal_six,HPR-DTH-PS,DTH,9203,2,checkpoints/formal_six/runs/formal__seed9203__DTH/checkpoint_1500.pt,563775,073359183f0e4e6c2920eb1983aa78fa755ae21118b30a73047280c48c0f3302
formal_six,HPR-THDOT-PS,THDOT,9203,2,checkpoints/formal_six/runs/formal__seed9203__THDOT/checkpoint_1500.pt,572991,240eb4f94bcf389f891946e418659707e91f7a6d877af7b4d45042ff4c9b9a66
formal_six,HPR-OBS-PS,OBS,9203,2,checkpoints/formal_six/runs/formal__seed9203__OBS/checkpoint_1500.pt,554495,cae7f986253763cb9c634fae52316132bfa586d745eff96fc891d200dc68e3bd
formal_six,HPR-O2-PS,HPR__O2shared,9203,2,checkpoints/formal_six/runs/formal__seed9203__HPR__O2shared/checkpoint_1500.pt,565823,215c3455078c1f47bdcf43d4c0cfefe68863711d8eb2ed36369004a5b87e4184
formal_six,HPR-O2-JS,R0,9203,2,checkpoints/formal_six/runs/formal__seed9203__R0/checkpoint_1500.pt,2458303,0f09b4bcbc6df1ad981f0782984e1530790e860b2d7857d28876100d2332e6a9
formal_six,SGRR-O2-JS,Rroll,9203,2,checkpoints/formal_six/runs/formal__seed9203__Rroll/checkpoint_1500.pt,2458367,0b6fecaa0dd04779e89b2c86aecff2b6a22dfcb85283f22d703b103000cb5f71
formal_six,HPR-DTH-PS,DTH,9204,3,checkpoints/formal_six/runs/formal__seed9204__DTH/checkpoint_1500.pt,563775,de0666fd7d298cd008726df97013527fc78ab0d615905c90888f8c7a1da53420
formal_six,HPR-THDOT-PS,THDOT,9204,3,checkpoints/formal_six/runs/formal__seed9204__THDOT/checkpoint_1500.pt,572991,cf48ded6f6832b81acf01d5ba64f42514d4c44030fab8f7b5012a5317b168690
formal_six,HPR-OBS-PS,OBS,9204,3,checkpoints/formal_six/runs/formal__seed9204__OBS/checkpoint_1500.pt,554495,d99e1ed380e846a040da7d972d941b1f87b27e2f9c90ba2682e3c7ffd8c23bd0
formal_six,HPR-O2-PS,HPR__O2shared,9204,3,checkpoints/formal_six/runs/formal__seed9204__HPR__O2shared/checkpoint_1500.pt,565823,3cfb4d23203a43f40562e26fc21a1bb5358522b7c7b5988c1c0dc6c2522675c6
formal_six,HPR-O2-JS,R0,9204,3,checkpoints/formal_six/runs/formal__seed9204__R0/checkpoint_1500.pt,2458303,72732a317785f9cd30d8963e6675753f24ad80e1a03d29377ed5c49e1cc21558
formal_six,SGRR-O2-JS,Rroll,9204,3,checkpoints/formal_six/runs/formal__seed9204__Rroll/checkpoint_1500.pt,2458367,84d655a68501fb83852dfac58124a1deb3a4d070ca57c10f6c71399b00397873
formal_six,HPR-DTH-PS,DTH,9205,4,checkpoints/formal_six/runs/formal__seed9205__DTH/checkpoint_1500.pt,563775,4f4e16f7932dc8636caf2995589431fe4dabc72e4b70123f024e7a9daad458ec
formal_six,HPR-THDOT-PS,THDOT,9205,4,checkpoints/formal_six/runs/formal__seed9205__THDOT/checkpoint_1500.pt,572991,c910cd696315d5d15012ebe91fa682c7c06c1f19fbfe58da4dd3d2d7e555e6ae
formal_six,HPR-OBS-PS,OBS,9205,4,checkpoints/formal_six/runs/formal__seed9205__OBS/checkpoint_1500.pt,554495,0a3c56bdc915f4cc1e2ec0dc2b3e0f13247a5a42b447a194aa009a2435d25a58
formal_six,HPR-O2-PS,HPR__O2shared,9205,4,checkpoints/formal_six/runs/formal__seed9205__HPR__O2shared/checkpoint_1500.pt,565823,c89137b35ed0dead083a3ea1820fedcf1897934a6fee3cbca423012e9d0b0598
formal_six,HPR-O2-JS,R0,9205,4,checkpoints/formal_six/runs/formal__seed9205__R0/checkpoint_1500.pt,2458303,3c10cbb25159a01416240af82dc1bd6a0cf3f608d27e7a01e02ec785994aec7e
formal_six,SGRR-O2-JS,Rroll,9205,4,checkpoints/formal_six/runs/formal__seed9205__Rroll/checkpoint_1500.pt,2458367,9a97afc20ffe52a0119f586ea5101416c6b002d960bacc039f96f32a55a8dbef
avm_endpoint,HPR-O2-AVM-JS,HPR__O1sham,9201,0,checkpoints/avm/runs/formal__seed9201__HPR__O1sham/checkpoint_1500.pt,2458623,8a60ef7f775ed8babf055e98bc165309fce52f380ae81711a2be9a71a0dbd40a
avm_endpoint,HPR-O2-AVM-JS,HPR__O1sham,9202,1,checkpoints/avm/runs/formal__seed9202__HPR__O1sham/checkpoint_1500.pt,2458623,3ec0a05c6bb26b6143dcec2b39bbd2e540416a1d80ce13176d11544aff4d7201
avm_endpoint,HPR-O2-AVM-JS,HPR__O1sham,9203,2,checkpoints/avm/runs/formal__seed9203__HPR__O1sham/checkpoint_1500.pt,2458623,9f89b1f094cfda2920a04c4e6646df5dce342ac50db7586d867eeaa6877aa8f5
avm_endpoint,HPR-O2-AVM-JS,HPR__O1sham,9204,3,checkpoints/avm/runs/formal__seed9204__HPR__O1sham/checkpoint_1500.pt,2458623,2ba863132851c077669e174df048b5157b65d0f74b455ca97b88f7d29fc9900f
avm_endpoint,HPR-O2-AVM-JS,HPR__O1sham,9205,4,checkpoints/avm/runs/formal__seed9205__HPR__O1sham/checkpoint_1500.pt,2458623,3566296a45cbcb4dfa84a2dbd1e51ff11443932faf346f99c1463b3fdb2bb177
