relative_path,status,tensor_count,tensor_fingerprint_sha256,original_file_sha256,english_file_sha256
checkpoints/avm/runs/formal__seed9201__HPR__O1sham/checkpoint_1500.pt,normalized_results_dir,12,8a217d1de752ecb4efc2ac8dbd7f51f86f39766fd1c27123cb12dbb841e69102,aff2baece42b4eb637e359ac08f55f24052d7cf36e99a02414948fbcce35497a,8a60ef7f775ed8babf055e98bc165309fce52f380ae81711a2be9a71a0dbd40a
checkpoints/avm/runs/formal__seed9202__HPR__O1sham/checkpoint_1500.pt,normalized_results_dir,12,65b3d52de9b6012659bc00ee882ee2f1cfd1461531a6ee0d99ee643b42b42762,fed6480c089cb180cf6c5593fdf0c2ce5ca82234056570ffb908c948aa3cfd80,3ec0a05c6bb26b6143dcec2b39bbd2e540416a1d80ce13176d11544aff4d7201
checkpoints/avm/runs/formal__seed9203__HPR__O1sham/checkpoint_1500.pt,normalized_results_dir,12,4ddd759ef98b2b582a2c40a7c8c3a26a2a1c8d74eac3cc58fbea406bf7659231,0fa2a9b31ceeed1d802acb18d0ac43c953b0fc989e04873e54861b6d6dc97bbf,9f89b1f094cfda2920a04c4e6646df5dce342ac50db7586d867eeaa6877aa8f5
checkpoints/avm/runs/formal__seed9204__HPR__O1sham/checkpoint_1500.pt,normalized_results_dir,12,2645122911de7fa6c487790dbb5ef9b85f959bd7921c89560a5661665ef66d5d,781e6a7dbf700cece4855e32aa17c624daf2d9167f2484841acd2e9c49006b22,2ba863132851c077669e174df048b5157b65d0f74b455ca97b88f7d29fc9900f
checkpoints/avm/runs/formal__seed9205__HPR__O1sham/checkpoint_1500.pt,normalized_results_dir,12,1426c41b708d44f6a16dc83479f30f844f9e12bdb76c7ad755c84c472befd130,1084c5e074f648804108f1d95296bf9a5469754f7bd45ea051a8712e36d769d7,3566296a45cbcb4dfa84a2dbd1e51ff11443932faf346f99c1463b3fdb2bb177
checkpoints/formal_six/runs/formal__seed9201__DTH/checkpoint_1500.pt,translated_and_normalized_results_dir,12,6d5e7621075d2cf8ac7b64965e1c7729140fbb10e18e89be549f814d89961434,0c68a13b520616952abcbdb39357f890eb109962bf12b5d897c58d0a67aa9b47,1c3f8daac5873161ecdea97d9f899b27baa315051b28479d8855fc2e4dd4bb4f
checkpoints/formal_six/runs/formal__seed9201__HPR__O2shared/checkpoint_1500.pt,translated_and_normalized_results_dir,12,8a3d1da33eae55602e2e7f76904abeee2ca30a906f3accecadaa2ad0e249a060,632389558802adb0b5a178a9c2c1706bdc5ab2bde889a34ee04e4b17c30476d0,24286528f22a8aba91dac7af13ab49f58ef99c1a5fdaf840271f7623556d1ab5
checkpoints/formal_six/runs/formal__seed9201__OBS/checkpoint_1500.pt,translated_and_normalized_results_dir,12,77382b386d557dfcaebc4a1c485d9a8cfbe500a5429ac7ccf8db0ca8d6f10a94,165c6158688ab961e5c19f62b3025415801af1eb3abe3f58476d751b1ca65199,fcef54913e3fee8bf2af2de608b7e9aac4e98b9caefce0fbfacd16ad23c53de2
checkpoints/formal_six/runs/formal__seed9201__R0/checkpoint_1500.pt,normalized_results_dir,12,0e9848a08ef5a6aa3e99e645389be7aa1f7d2cc8a4ebb0089f98dfd9406a29c5,b697425ffa994ccc4ce32db29573e6f87576c3c16ce39ea35a50a38a183e7ea6,90f37918b9d3c2a0d50752c0db73940b03b79626d94dfde3381df2b0d3a0ae52
checkpoints/formal_six/runs/formal__seed9201__Rroll/checkpoint_1500.pt,normalized_results_dir,12,bb20357b52a302df45f27251ce5b553b8fed39abeccfc7f2e0ea88cd14bcd501,b2ae292c1e55a317ea29911cfcf67cf28db1cc82d5f5e36611c5bf4ca031bf34,a613b221f62d83088f66d8a3aa0a53277f3dd7aa0b98c661be5b2fe8774d83b2
checkpoints/formal_six/runs/formal__seed9201__THDOT/checkpoint_1500.pt,translated_and_normalized_results_dir,12,f356d03a14e1567fdfde1c8196b88df476627487e5db31fe64351fb8df4382d7,1c8aa2ccea13b07eb51510e8503a60ba59c41bc44bb1e6f0147d60913b6f2ee0,3b8d35d6a2d1e5b7fe197c41a51041411bbb272fcbca0a6a61e35cb09a43885e
checkpoints/formal_six/runs/formal__seed9202__DTH/checkpoint_1500.pt,translated_and_normalized_results_dir,12,e0632809af1089ba47e2c8fd97346efd2ff473d8f56a1df5457bdbfc317fb7c1,1c0167442ee274d889a6b9231655360a9f821cf965512ee9de072170499d1cc2,9379c100ee5c039b5046451a9a5585beb4f7450dc166ef15f1a84b544c2602b6
checkpoints/formal_six/runs/formal__seed9202__HPR__O2shared/checkpoint_1500.pt,translated_and_normalized_results_dir,12,f3fa712e60470088f75ce927f354c3bde018beb0dcbe545a86cdf882e6916c96,7be3e18700f178ca8037aa33a4c9a75808383b1784714b4c8edb660b9d2734a9,cf72cbfa0760a57f8f9e5c9c933ce0ade1db3824a2e6bf8ff4a173904581dc9d
checkpoints/formal_six/runs/formal__seed9202__OBS/checkpoint_1500.pt,translated_and_normalized_results_dir,12,f09e88b9f15f27c257fc699be19a662ed37548a7456d5806df75e0ceab7fced5,24b12f863937f9c69f5adb1271e98ac6cbd22b36aefbaa8ae46178637f0ff091,6f7ea30cb59c509a996edd8f1b876b757bf17f94c30d18475e6db2013e991960
checkpoints/formal_six/runs/formal__seed9202__R0/checkpoint_1500.pt,normalized_results_dir,12,0a5babd25b7d8fcc26b82d0837eac8fb109b4231a08188aaa5e5e55d3b19eede,e3715c6deb1410a85a12261883a2eb80d5a8ff9f95c32f7b17624c5b5823cfdc,808f771f877ac4243f9fc33357cd255a7254bca43c2c60e2d96a130d9b15a547
checkpoints/formal_six/runs/formal__seed9202__Rroll/checkpoint_1500.pt,normalized_results_dir,12,d831f13de4e8ceaad0ca044f5d81d3ff88adb76fafe08d180f1f5653a4709167,37eda942c5cb171e61fba84bf279a1affdf3b612ac005d43d66ebb1cf441c713,b6d74609bb2fae16f80c4ac14bf4ab4342fcb33ad9c6df1d6fd955edb2885b6c
checkpoints/formal_six/runs/formal__seed9202__THDOT/checkpoint_1500.pt,translated_and_normalized_results_dir,12,38b4ab84a26847d8f0c7902755e7656d5a4f9f98d6d388ab2b304416030e2bdc,1459f3faf731b01a763b4d6705db4e0af21ef6c148032308a41fe47c94965f1e,1d41b50b5c512589f09c0aa1eb278ebdec9afde3add25ec916835f6b429e6521
checkpoints/formal_six/runs/formal__seed9203__DTH/checkpoint_1500.pt,translated_and_normalized_results_dir,12,be795528aecaa53b65239a710a514215fb834776e4ab0eb780df9f26654cd379,6b7307c84db790549206b50e764bd8563fd7fa3399db5e883e4e98da61c49e12,073359183f0e4e6c2920eb1983aa78fa755ae21118b30a73047280c48c0f3302
checkpoints/formal_six/runs/formal__seed9203__HPR__O2shared/checkpoint_1500.pt,translated_and_normalized_results_dir,12,6543e80415ec44237bafb74843c1a6646603857768a99ad0cfc614da0dea4305,b121450845f8143b7136a7bc91f79e59484a6cdbfc24cd9f72998cb43834e32f,215c3455078c1f47bdcf43d4c0cfefe68863711d8eb2ed36369004a5b87e4184
checkpoints/formal_six/runs/formal__seed9203__OBS/checkpoint_1500.pt,translated_and_normalized_results_dir,12,bf154548616317de2b76a546608e8554dea47c1f8b7fe16f1d36af2530614a78,6dcd7af149b5b13ba1eaf7d181193c910a7caa136b64b73ecb522ce6f8df2add,cae7f986253763cb9c634fae52316132bfa586d745eff96fc891d200dc68e3bd
checkpoints/formal_six/runs/formal__seed9203__R0/checkpoint_1500.pt,normalized_results_dir,12,d201b6265578d95d07b9e6521ace4cf223fe80f4b09b489a42c0944af3bafb15,0428d9a86b6622d924738c68fe09df4c6ab922e2a3225a5c24ba41e96eb1c4b8,0f09b4bcbc6df1ad981f0782984e1530790e860b2d7857d28876100d2332e6a9
checkpoints/formal_six/runs/formal__seed9203__Rroll/checkpoint_1500.pt,normalized_results_dir,12,43cb389586f07a4bb209aa5ef2eb1ae07ab1fbc42b577feb5cc0ba61da79eb46,dd721641654bef7ac978f3aba509adcdbcb62e5aeea68bb7b81584728ebcb53a,0b6fecaa0dd04779e89b2c86aecff2b6a22dfcb85283f22d703b103000cb5f71
checkpoints/formal_six/runs/formal__seed9203__THDOT/checkpoint_1500.pt,translated_and_normalized_results_dir,12,05cfbbd581228c3cb1e1c9dc8b7515429dd506b8ed46a497f55847fe20c1c456,04496ed0468da4390399b81507d9c66613f4b8a2c4adc70ae50a05c0b8e655de,240eb4f94bcf389f891946e418659707e91f7a6d877af7b4d45042ff4c9b9a66
checkpoints/formal_six/runs/formal__seed9204__DTH/checkpoint_1500.pt,translated_and_normalized_results_dir,12,ad8ae6a1e17e5b80bbffc93d183de21b0661a9b87b61484b3141ab7bd9038cca,d9e61cd2fb7d4fb2463508b68b7a7fcd8a4d403dd9b263cb090cb67cf381b5ed,de0666fd7d298cd008726df97013527fc78ab0d615905c90888f8c7a1da53420
checkpoints/formal_six/runs/formal__seed9204__HPR__O2shared/checkpoint_1500.pt,translated_and_normalized_results_dir,12,8157205849ceeef487ae7e41216235923f209ab012ca992b176a18aeda6e3655,d646088e649ce63b3c1ab82e91a64d04c265c790a92eb5ae129db30e45a5ef6f,3cfb4d23203a43f40562e26fc21a1bb5358522b7c7b5988c1c0dc6c2522675c6
checkpoints/formal_six/runs/formal__seed9204__OBS/checkpoint_1500.pt,translated_and_normalized_results_dir,12,2baac6dd792de72c9a4d39b06e11f01ab67a7db8cd389180565428df47dcfc51,8fda7817e99d0a5366779de14f39348554d661c0b715dfdf8816ad5b612bbc6d,d99e1ed380e846a040da7d972d941b1f87b27e2f9c90ba2682e3c7ffd8c23bd0
checkpoints/formal_six/runs/formal__seed9204__R0/checkpoint_1500.pt,normalized_results_dir,12,bb14dd301113412873a98e50368e6eb99a3a544710e2a8960702d338341d13fd,76b6cecf570069a7c7f2e65754114f541a0e475ab395378649c74a9abd061a1a,72732a317785f9cd30d8963e6675753f24ad80e1a03d29377ed5c49e1cc21558
checkpoints/formal_six/runs/formal__seed9204__Rroll/checkpoint_1500.pt,normalized_results_dir,12,a37da9e111b5dc2f8044f511ace97dd241e790b40271300b70d5c8b3c7055ef3,7fd72590cf4491cc7d445785fad07f62d38d6f9635daef321031cf426eecdd60,84d655a68501fb83852dfac58124a1deb3a4d070ca57c10f6c71399b00397873
checkpoints/formal_six/runs/formal__seed9204__THDOT/checkpoint_1500.pt,translated_and_normalized_results_dir,12,cb40b3a8d410f142039aa08982dfeaa4ba2cec1829733206ab48900797f0cebc,d9f8d8a75e3c26088b8d69becac96eb3c85cbbaba71a5afa98a2d7d75efe48ed,cf48ded6f6832b81acf01d5ba64f42514d4c44030fab8f7b5012a5317b168690
checkpoints/formal_six/runs/formal__seed9205__DTH/checkpoint_1500.pt,translated_and_normalized_results_dir,12,6294da4d4077bc54eb424ba061b117956e9313e27438ca13adb872f0d6a0d39b,b53ec0322cb9061ebca9048867f6779ff379e7325bd7f97cb245b07441e537af,4f4e16f7932dc8636caf2995589431fe4dabc72e4b70123f024e7a9daad458ec
checkpoints/formal_six/runs/formal__seed9205__HPR__O2shared/checkpoint_1500.pt,translated_and_normalized_results_dir,12,9de92355b44128640d185c12d1830eded88459a50d6ee76c1589dc44bb9fc55b,fa7149fa1d2ef815c9fe914ba5f8e1f7b5ea58fd12b04eb6a9218343295448a7,c89137b35ed0dead083a3ea1820fedcf1897934a6fee3cbca423012e9d0b0598
checkpoints/formal_six/runs/formal__seed9205__OBS/checkpoint_1500.pt,translated_and_normalized_results_dir,12,df7fd32c77da7ada3c04d65c52f6eb3c084d2727ac07c1adb6f116925ff9623a,ed3278b306d8b513943c1c6156cf7f409073d54f3d6a3802db86c036ea86124c,0a3c56bdc915f4cc1e2ec0dc2b3e0f13247a5a42b447a194aa009a2435d25a58
checkpoints/formal_six/runs/formal__seed9205__R0/checkpoint_1500.pt,normalized_results_dir,12,2e142fe5afe2c951d7ca7c3a580981a87b0a00500f0536dce302730f679720e3,0edb440aa10351b24f8208880b208fc66ebf03cb548e803a7e45f85062eb9383,3c10cbb25159a01416240af82dc1bd6a0cf3f608d27e7a01e02ec785994aec7e
checkpoints/formal_six/runs/formal__seed9205__Rroll/checkpoint_1500.pt,normalized_results_dir,12,0d090ddd66392f30194041fb9a0f2e0450af6d20d568efb4723eb8508957d804,1a770ff49a9681e322be2d1c7a68d8593a6b690a8390b04b22e3d92ec9b34f74,9a97afc20ffe52a0119f586ea5101416c6b002d960bacc039f96f32a55a8dbef
checkpoints/formal_six/runs/formal__seed9205__THDOT/checkpoint_1500.pt,translated_and_normalized_results_dir,12,7e87c874407d97aa444c5ba027d28c9f82449d24193517cb5088d4c1232c925e,e32cb0bd943f98147620e66f2b77a404bf2a1d8ac3761f1126dd7b450b79a186,c910cd696315d5d15012ebe91fa682c7c06c1f19fbfe58da4dd3d2d7e555e6ae
