condition_id,family,episode_count,training_seed_count,success_episodes,success_rate,successful_training_seeds_ge_10of20,success_episodes_by_training_seed,forward_body_lengths_mean,forward_body_lengths_std,desired_net_rotation_degrees_mean,desired_net_rotation_degrees_std,desired_active_rotation_fraction_mean,desired_active_rotation_fraction_std,roll_pulse_count_mean,roll_pulse_count_std,mean_roll_pulse_interval_steps_mean,mean_roll_pulse_interval_steps_std,tail_launch_count_mean,tail_launch_count_std,pulse_fail,rotation_fail,direction_fail,forward_fail,interval_fail
C11,identity_baseline,100,5,99,0.99,5,"{""9201"":19,""9202"":20,""9203"":20,""9204"":20,""9205"":20}",3.307024672169727,0.6684527691904593,932.0056237912623,194.14366412193047,0.9227199801769592,0.05878460275335052,14.11,2.870174210740526,68.25958991756437,25.516388379878155,7.38,1.5347964034359736,0,1,1,0,1
C11_J01_K1_ZERO,full_c11_channel_zero,100,5,47,0.47,3,"{""9201"":18,""9202"":15,""9203"":2,""9204"":0,""9205"":12}",1.5397430951059468,1.127613756118412,338.86784228911426,245.20789867350226,0.7176135246005769,0.14032396923856266,5.08,3.67880415352598,102.93561093561094,54.89176012295951,3.22,2.317671245021606,35,53,45,34,29
C11_J01_K1_SCALE_0P5,full_c11_channel_scale_0p5,100,5,98,0.98,5,"{""9201"":19,""9202"":20,""9203"":20,""9204"":19,""9205"":20}",3.2308316583913235,0.7423099833215189,889.0165795335074,250.4249908752407,0.9127607731158847,0.06369213555185987,13.47,3.6917610973626127,72.25038927966598,28.261246364768784,7.28,1.6797618878876848,0,2,2,1,1
C11_J01_K1_SCALE_1P5,full_c11_channel_scale_1p5,100,5,100,1.0,5,"{""9201"":20,""9202"":20,""9203"":20,""9204"":20,""9205"":20}",3.4490475293492757,0.6863972560658342,969.4125992679744,190.18045246484533,0.9348812439537091,0.04855101984107519,14.56,2.7177932224508914,65.1744251818443,15.056277724116395,7.09,1.5303267624922463,0,0,0,0,0
C11_J01_K1_SIGN_FLIP,full_c11_channel_sign_flip,100,5,0,0.0,0,"{""9201"":0,""9202"":0,""9203"":0,""9204"":0,""9205"":0}",0.30098097886594766,0.4176982962636183,23.23650542959045,68.84842724132817,0.5422132659770024,0.05443889123202895,0.34,1.0883014288330235,75.05555555555554,9.202119991919199,0.31,0.9969453345093703,93,100,100,91,91
C11_J01_K1_STATIC_MEAN,full_c11_channel_static_mean,100,5,93,0.93,5,"{""9201"":18,""9202"":20,""9203"":15,""9204"":20,""9205"":20}",3.0189794401294,0.8280590488305996,828.4662687043882,265.59443247983364,0.8898159205531085,0.08835672420320996,12.52,4.006195202433352,75.75109550794922,27.9055960458397,6.76,1.8499729727755485,4,5,5,4,0
C11_J01_K1_TIME_PERMUTED,full_c11_channel_time_permuted,100,5,94,0.94,5,"{""9201"":19,""9202"":20,""9203"":15,""9204"":20,""9205"":20}",3.13488328675735,0.7949367625423224,870.2943225552696,255.3607703602876,0.9054812263971589,0.08477433896984618,13.09,3.7764930822126503,69.11001646650563,14.429600284101264,7.03,1.8997631431312694,5,5,6,5,0
C11_J01_K2_ZERO,full_c11_channel_zero,100,5,26,0.26,1,"{""9201"":6,""9202"":0,""9203"":3,""9204"":0,""9205"":17}",1.321258990390491,1.05784048844007,301.0580708204969,312.24983964631167,0.696130046717987,0.14109344934182058,4.52,4.942630878388553,102.72965312465313,113.95944831813469,2.63,2.704274394361637,56,73,62,51,40
C11_J01_K2_SCALE_0P5,full_c11_channel_scale_0p5,100,5,93,0.93,5,"{""9201"":15,""9202"":18,""9203"":20,""9204"":20,""9205"":20}",3.3342208568316254,0.9411888149039519,921.2707379013118,270.8161112697474,0.9151663339347123,0.08879289674501745,13.96,3.9418777251457207,69.96763191053013,37.683944662717465,6.75,1.9150718002205558,3,6,7,4,2
C11_J01_K2_SCALE_1P5,full_c11_channel_scale_1p5,100,5,98,0.98,5,"{""9201"":20,""9202"":20,""9203"":20,""9204"":18,""9205"":20}",3.2249878057807235,0.7238606508847341,893.7738921534811,226.23089931129715,0.9192384233461329,0.06689564340913158,13.56,3.2873089298086966,71.89524302099689,28.654038105452866,7.16,1.6353592877407706,0,2,2,2,1
C11_J01_K2_SIGN_FLIP,full_c11_channel_sign_flip,100,5,0,0.0,0,"{""9201"":0,""9202"":0,""9203"":0,""9204"":0,""9205"":0}",-0.043134938197982545,0.40708647329273534,6.375168083211849,66.06031112695356,0.5717650423059762,0.0840928136877516,0.24,0.7631513611335564,54.916666666666664,28.862982508037163,0.16,0.463033476111609,98,100,93,100,94
C11_J01_K2_STATIC_MEAN,full_c11_channel_static_mean,100,5,27,0.27,1,"{""9201"":3,""9202"":1,""9203"":3,""9204"":0,""9205"":20}",1.2330766465994767,1.3803470175885673,333.67791801623605,390.1124136881811,0.669049961957374,0.15810561709951904,5.2,6.019966777316965,82.28093808529329,50.884953952520846,2.94,2.5370061095708856,51,73,70,59,37
C11_J01_K2_TIME_PERMUTED,full_c11_channel_time_permuted,100,5,37,0.37,1,"{""9201"":8,""9202"":3,""9203"":6,""9204"":0,""9205"":20}",1.4129215072601093,1.3583778256484016,374.638062565596,385.176697289263,0.6967946688411536,0.16118530359520283,5.82,5.955468075642754,90.51401944110977,84.30037778890676,3.55,2.861380785564899,45,63,57,52,32
C11_J02_K1_ZERO,full_c11_channel_zero,100,5,13,0.13,1,"{""9201"":0,""9202"":0,""9203"":0,""9204"":0,""9205"":13}",0.26866764655215064,0.7216896409384949,86.61217932780939,184.59597956692636,0.5642313617242415,0.08958428742607905,1.23,2.7013144948339503,108.7392458418774,47.70732338678613,0.83,1.8003055296254578,82,87,87,85,81
C11_J02_K1_SCALE_0P5,full_c11_channel_scale_0p5,100,5,100,1.0,5,"{""9201"":20,""9202"":20,""9203"":20,""9204"":20,""9205"":20}",3.2245384888172826,0.6262259640752778,911.154426747265,174.40979818807946,0.9308384913551297,0.039185169450494314,13.82,2.5588278566562463,67.93744614372555,16.311538640604578,6.88,1.4302447343024898,0,0,0,0,0
C11_J02_K1_SCALE_1P5,full_c11_channel_scale_1p5,100,5,97,0.97,5,"{""9201"":18,""9202"":20,""9203"":19,""9204"":20,""9205"":20}",3.3393844249508287,0.8345884080626153,937.7217576286965,249.00855627062253,0.9189249333578986,0.0739162308492007,14.15,3.6065911883661004,69.09221621288069,30.170384384119686,6.92,1.64730082255792,1,2,3,1,1
C11_J02_K1_SIGN_FLIP,full_c11_channel_sign_flip,100,5,0,0.0,0,"{""9201"":0,""9202"":0,""9203"":0,""9204"":0,""9205"":0}",-0.01617899015682317,0.17624501135144957,2.9562702747906617,2.124514954217014,0.5144638763640951,0.042999064139688216,0.0,0.0,,,0.0,0.0,100,100,100,100,100
C11_J02_K1_STATIC_MEAN,full_c11_channel_static_mean,100,5,98,0.98,5,"{""9201"":18,""9202"":20,""9203"":20,""9204"":20,""9205"":20}",3.3370733867339495,0.7161973271708623,928.6699054692548,205.1997234910721,0.9259121331034369,0.0694308849749152,14.01,2.879218644007433,66.0489844297859,15.102221181822221,6.96,1.5551205741035004,1,1,2,1,0
C11_J02_K1_TIME_PERMUTED,full_c11_channel_time_permuted,100,5,98,0.98,5,"{""9201"":19,""9202"":20,""9203"":20,""9204"":19,""9205"":20}",3.3485013176208516,0.7187907347133744,929.5473730928333,210.00103736519995,0.9204723367408714,0.07575245303645169,13.99,3.0675560304581238,65.89608214487072,13.503747319434373,7.03,1.4930170796075977,1,1,2,1,1
C11_J02_K2_ZERO,full_c11_channel_zero,100,5,72,0.72,4,"{""9201"":16,""9202"":1,""9203"":17,""9204"":19,""9205"":19}",2.324506052861077,1.2839130768500668,555.1805439660507,294.0960571165928,0.787105403566585,0.15807623427805115,8.66,4.1838260002060315,93.77633233433232,59.59947621676073,4.79,2.405389781303646,19,24,28,20,4
C11_J02_K2_SCALE_0P5,full_c11_channel_scale_0p5,100,5,93,0.93,5,"{""9201"":14,""9202"":20,""9203"":20,""9204"":19,""9205"":20}",3.2869712020804216,0.9734031148420226,920.4733713869579,279.6872033318249,0.90832555483091,0.0928338709747328,13.81,3.931144871408328,75.96784342124164,49.459028833839085,6.76,1.7895250766614028,3,5,7,5,1
C11_J02_K2_SCALE_1P5,full_c11_channel_scale_1p5,100,5,99,0.99,5,"{""9201"":19,""9202"":20,""9203"":20,""9204"":20,""9205"":20}",3.3755462584332876,0.626887587362994,935.9522532202484,178.9831261175412,0.930714027326971,0.04942970995405833,14.21,2.635507541252728,67.55604607973726,18.664394711333745,7.25,1.243985530462473,0,0,1,0,0
C11_J02_K2_SIGN_FLIP,full_c11_channel_sign_flip,100,5,32,0.32,2,"{""9201"":17,""9202"":0,""9203"":2,""9204"":13,""9205"":0}",1.2884083481339417,1.1862192270863923,301.3267854476758,351.31525130146093,0.6778349610777138,0.17330545897738123,4.86,5.1594960994267645,93.29938601887754,72.05653345523932,2.93,2.7973380203329024,59,66,62,56,44
C11_J02_K2_STATIC_MEAN,full_c11_channel_static_mean,100,5,89,0.89,5,"{""9201"":20,""9202"":20,""9203"":20,""9204"":18,""9205"":11}",2.75600842102705,0.6987858584677804,692.8231182157274,231.78466428758279,0.8729865384967189,0.0785976275471956,10.4,3.3970575502926055,85.20306415806417,29.100829324773038,5.67,1.4903355326905412,1,10,3,1,0
C11_J02_K2_TIME_PERMUTED,full_c11_channel_time_permuted,100,5,94,0.94,5,"{""9201"":19,""9202"":20,""9203"":18,""9204"":18,""9205"":19}",2.8075712480893236,0.7480728989151433,703.1448439522403,218.33454342560069,0.8782455801661457,0.08918950102860937,10.67,3.274309087425926,82.85501742701743,32.227935269397165,5.84,1.4947909552843837,5,6,5,4,1
C11_J03_K1_ZERO,full_c11_channel_zero,100,5,1,0.01,0,"{""9201"":0,""9202"":0,""9203"":0,""9204"":1,""9205"":0}",0.1374465559918786,0.2814523512822615,32.285805048363706,81.80603437184058,0.5597697602986026,0.09581035907189457,0.37,1.1971215477135144,80.31481481481481,21.287921058440578,0.28,0.9282241108697834,94,99,94,99,91
C11_J03_K1_SCALE_0P5,full_c11_channel_scale_0p5,100,5,93,0.93,5,"{""9201"":16,""9202"":20,""9203"":20,""9204"":17,""9205"":20}",2.8971272906441636,0.8480336498268234,835.3602375258644,245.28179709250335,0.8878717085653713,0.09024326092539736,12.54,3.415903979915126,73.66335852287278,23.225494020134004,6.26,1.724064963973226,2,3,6,3,1
C11_J03_K1_SCALE_1P5,full_c11_channel_scale_1p5,100,5,98,0.98,5,"{""9201"":20,""9202"":20,""9203"":19,""9204"":19,""9205"":20}",3.2992953479377665,0.739305620328065,876.452019736929,217.4302256571295,0.9159775516222415,0.0658960331961396,13.42,3.1849018823191404,68.84358065137477,15.565018078691796,6.47,1.627605603332699,2,2,2,2,0
C11_J03_K1_SIGN_FLIP,full_c11_channel_sign_flip,100,5,0,0.0,0,"{""9201"":0,""9202"":0,""9203"":0,""9204"":0,""9205"":0}",0.07801993786519551,0.11313101256995514,3.4267671517913176,1.77235144149085,0.5090228479851231,0.06526623941495976,0.0,0.0,,,0.0,0.0,100,100,100,100,100
C11_J03_K1_STATIC_MEAN,full_c11_channel_static_mean,100,5,96,0.96,5,"{""9201"":18,""9202"":20,""9203"":19,""9204"":19,""9205"":20}",3.162909842139109,0.7598829429082429,872.1192466282929,226.72234013451893,0.9150288456095163,0.08802824206333554,13.21,3.368367557140996,69.95655645459632,21.306499916463927,6.83,1.743874995520034,3,4,4,3,0
C11_J03_K1_TIME_PERMUTED,full_c11_channel_time_permuted,100,5,98,0.98,5,"{""9201"":18,""9202"":20,""9203"":20,""9204"":20,""9205"":20}",3.1931160512668697,0.6789887767817214,886.3602136072716,187.31681925914293,0.9167782758980291,0.0713603509774402,13.46,2.913485884640597,74.76765218196837,44.0330183663283,7.04,1.580632784678339,1,2,2,1,2
C11_J03_K2_ZERO,full_c11_channel_zero,100,5,79,0.79,4,"{""9201"":20,""9202"":20,""9203"":17,""9204"":2,""9205"":20}",2.851753831942275,1.3210661807244795,647.416381262784,317.8316314818704,0.8357315175444985,0.16800868695110713,10.15,4.585575209284,73.59665424852926,22.14778896110413,4.74,2.2028163790929103,17,20,20,17,0
C11_J03_K2_SCALE_0P5,full_c11_channel_scale_0p5,100,5,95,0.95,5,"{""9201"":17,""9202"":20,""9203"":19,""9204"":19,""9205"":20}",3.294814818434796,0.7926752937913418,869.4161127854939,237.53870413493857,0.9133774673621403,0.08772560805520652,13.31,3.557232070022984,72.18288007047991,40.99555156658587,6.26,1.5723867208800766,4,5,5,4,1
C11_J03_K2_SCALE_1P5,full_c11_channel_scale_1p5,100,5,94,0.94,5,"{""9201"":16,""9202"":20,""9203"":20,""9204"":18,""9205"":20}",3.107675611100057,0.8206148169682851,905.9032372290042,255.79230547748128,0.9039960891751542,0.09329133062346721,13.64,3.7135427828422825,68.82914850401578,27.835208961643303,6.74,1.9525368114327575,2,5,6,3,1
C11_J03_K2_SIGN_FLIP,full_c11_channel_sign_flip,100,5,32,0.32,2,"{""9201"":18,""9202"":0,""9203"":0,""9204"":0,""9205"":14}",1.6393161534145457,1.3917879393235697,270.35967753224725,307.764939778353,0.6542699455248092,0.187854152858023,4.12,4.823442753884407,91.947004528039,52.07430844001758,2.13,2.3649735727910364,61,68,64,49,43
C11_J03_K2_STATIC_MEAN,full_c11_channel_static_mean,100,5,82,0.82,4,"{""9201"":19,""9202"":20,""9203"":20,""9204"":3,""9205"":20}",2.5989982513291348,1.0839571157596843,707.0647811931343,324.6710239488257,0.8481600470894247,0.14664866673985213,10.86,4.8208298040897475,75.41407103364925,21.44675459370609,5.96,2.7052541470257467,12,17,15,12,9
C11_J03_K2_TIME_PERMUTED,full_c11_channel_time_permuted,100,5,82,0.82,4,"{""9201"":20,""9202"":20,""9203"":19,""9204"":3,""9205"":20}",2.596492395370488,1.1445940716407894,704.7493109294135,340.8423098546528,0.8500138130190102,0.15182266281300297,10.91,5.051920426926773,73.75272590245629,22.73604389159125,5.7,2.609597670139978,15,18,14,15,10
C11_J04_K1_ZERO,full_c11_channel_zero,100,5,0,0.0,0,"{""9201"":0,""9202"":0,""9203"":0,""9204"":0,""9205"":0}",0.28779951055785696,0.3029549419327562,20.603510011893654,76.9031830031221,0.562554647166321,0.11080901336720586,0.42,1.1762652762026091,67.94444444444444,19.98927181400866,0.29,0.8281907992727281,91,100,86,91,88
C11_J04_K1_SCALE_0P5,full_c11_channel_scale_0p5,100,5,99,0.99,5,"{""9201"":19,""9202"":20,""9203"":20,""9204"":20,""9205"":20}",3.0465468840881105,0.5437654843922509,823.4347656723636,185.5360945543533,0.9159812766049378,0.062404020075694455,12.45,2.8473672049807695,74.6367778814323,19.304217986149272,6.66,1.5761979571107179,1,1,1,1,0
C11_J04_K1_SCALE_1P5,full_c11_channel_scale_1p5,100,5,100,1.0,5,"{""9201"":20,""9202"":20,""9203"":20,""9204"":20,""9205"":20}",3.517607986456136,0.5716126336040261,970.362600046801,169.20180376522697,0.9370467722757286,0.036020345676397045,14.8,2.253885533916929,62.527631392300506,9.195366902750283,7.23,1.3179908952644552,0,0,0,0,0
C11_J04_K1_SIGN_FLIP,full_c11_channel_sign_flip,100,5,0,0.0,0,"{""9201"":0,""9202"":0,""9203"":0,""9204"":0,""9205"":0}",-0.015614768241146963,0.15428054673278715,1.5566102790740066,4.357548668024972,0.4921854636950204,0.03591531291250111,0.0,0.0,,,0.0,0.0,100,100,100,100,100
C11_J04_K1_STATIC_MEAN,full_c11_channel_static_mean,100,5,99,0.99,5,"{""9201"":20,""9202"":20,""9203"":20,""9204"":19,""9205"":20}",3.4232736569298705,0.6876452881995776,890.8221146666449,201.74412750880433,0.9209915170791924,0.05623845343534392,13.72,2.9835549265934422,68.6661533746611,14.056219601840668,7.11,1.4621559424356898,1,1,1,1,0
C11_J04_K1_TIME_PERMUTED,full_c11_channel_time_permuted,100,5,97,0.97,5,"{""9201"":19,""9202"":20,""9203"":19,""9204"":19,""9205"":20}",3.416524043050377,0.7408314580148216,887.6040083326408,220.67612628868594,0.9171030681496724,0.06876912735074357,13.57,3.2039194746435187,69.35195851267756,20.515202043567015,7.14,1.6734395716607158,1,3,3,1,0
C11_J04_K2_ZERO,full_c11_channel_zero,100,5,89,0.89,5,"{""9201"":10,""9202"":20,""9203"":20,""9204"":19,""9205"":20}",3.04043948589977,1.0890681224206002,764.2636141264952,308.86469075634176,0.8717568533951279,0.10265380708215442,11.8,4.46318272088428,81.89230908440544,39.37004245330818,6.04,2.034305778392226,5,10,10,6,2
C11_J04_K2_SCALE_0P5,full_c11_channel_scale_0p5,100,5,100,1.0,5,"{""9201"":20,""9202"":20,""9203"":20,""9204"":20,""9205"":20}",3.497601098079926,0.7796150627302267,964.7231103055532,231.30039164551485,0.9257422805263377,0.05550962800199059,14.79,3.2902735448591502,62.97882451917707,14.153135317149676,7.51,1.4317471843869645,0,0,0,0,0
C11_J04_K2_SCALE_1P5,full_c11_channel_scale_1p5,100,5,96,0.96,5,"{""9201"":16,""9202"":20,""9203"":20,""9204"":20,""9205"":20}",3.182302097746165,0.6481857423306877,876.2679587983677,205.9926680542126,0.9084577285209952,0.07446409563884196,13.34,3.0503114595070455,72.20003871618577,29.747545594317092,6.79,1.63887156299693,0,2,4,0,1
C11_J04_K2_SIGN_FLIP,full_c11_channel_sign_flip,100,5,67,0.67,4,"{""9201"":10,""9202"":20,""9203"":17,""9204"":17,""9205"":3}",2.2491091246389656,1.3164522980380575,579.7703747835001,369.8307497093023,0.793049980481938,0.13654737008946938,8.95,5.752173502251127,82.04911838746048,49.981422716734784,4.75,2.4914855006601986,22,33,29,27,3
C11_J04_K2_STATIC_MEAN,full_c11_channel_static_mean,100,5,97,0.97,5,"{""9201"":18,""9202"":20,""9203"":19,""9204"":20,""9205"":20}",3.341207452156487,0.9799275522597145,878.4546078529207,263.8667761920405,0.9016096999744831,0.08136253455187809,13.63,4.014112604299984,70.80175190585987,23.197282018008792,7.02,1.6672132437093943,1,2,3,2,0
C11_J04_K2_TIME_PERMUTED,full_c11_channel_time_permuted,100,5,93,0.93,5,"{""9201"":14,""9202"":20,""9203"":19,""9204"":20,""9205"":20}",3.2807157844429624,1.0072486047357176,880.731346746489,269.14614277470287,0.8974896823608757,0.09085305104931854,13.59,4.13302552617329,73.75210977099096,37.827348472541914,6.75,1.6874537030686205,2,5,7,4,2
C11_J05_K1_ZERO,full_c11_channel_zero,100,5,5,0.05,0,"{""9201"":1,""9202"":0,""9203"":0,""9204"":4,""9205"":0}",0.359601484034925,0.4605553091551646,59.720614923848,151.8281654970176,0.5932023395974079,0.08514435757691266,1.36,2.2517548712060114,153.72487684729066,103.01702018198634,1.07,1.8014161096204286,77,95,90,85,75
C11_J05_K1_SCALE_0P5,full_c11_channel_scale_0p5,100,5,98,0.98,5,"{""9201"":18,""9202"":20,""9203"":20,""9204"":20,""9205"":20}",3.1022756418192627,0.8036630177943597,870.2238845008712,243.33915833948242,0.9148175827642817,0.07332922104854803,13.3,3.5791060336346567,74.42471112289843,39.161638574371956,7.05,1.5580436450882884,2,2,2,1,1
C11_J05_K1_SCALE_1P5,full_c11_channel_scale_1p5,100,5,99,0.99,5,"{""9201"":19,""9202"":20,""9203"":20,""9204"":20,""9205"":20}",3.402341229805486,0.7235357902472765,941.5645278069891,196.27736899247225,0.9200364601663534,0.05971992576703241,14.17,2.764253968071675,67.00211435215112,17.085836559138286,6.91,1.4972975656161336,0,0,1,0,0
C11_J05_K1_SIGN_FLIP,full_c11_channel_sign_flip,100,5,0,0.0,0,"{""9201"":0,""9202"":0,""9203"":0,""9204"":0,""9205"":0}",0.02103430126340788,0.13481918098661033,-17.994867189718505,21.02394800080447,0.564541907012703,0.04573891067709839,0.02,0.13999999999999999,,,0.02,0.13999999999999999,100,100,100,100,100
C11_J05_K1_STATIC_MEAN,full_c11_channel_static_mean,100,5,97,0.97,5,"{""9201"":18,""9202"":20,""9203"":20,""9204"":19,""9205"":20}",3.349894179285109,0.7293734520842599,933.0470539455541,216.06552456719572,0.9264388262525626,0.06478206056251797,14.11,3.1109323361333336,68.0971335592512,22.856359103885456,7.16,1.4813507349712967,1,3,2,1,0
C11_J05_K1_TIME_PERMUTED,full_c11_channel_time_permuted,100,5,98,0.98,5,"{""9201"":19,""9202"":20,""9203"":20,""9204"":19,""9205"":20}",3.330680949400114,0.6989952521019038,921.6544962965468,215.7093270734344,0.9233016248724948,0.0619290834228404,13.9,3.1,66.99170730091203,19.247269139125063,7.21,1.601842688905499,1,2,1,1,0
C11_J05_K2_ZERO,full_c11_channel_zero,100,5,100,1.0,5,"{""9201"":20,""9202"":20,""9203"":20,""9204"":20,""9205"":20}",3.3874109473703085,0.5798819817417964,886.1572200967576,157.26646799346025,0.9057077063649185,0.05318644530146371,13.43,2.2726856359822403,68.68827325452325,11.770733693907017,6.31,1.6229294500994178,0,0,0,0,0
C11_J05_K2_SCALE_0P5,full_c11_channel_scale_0p5,100,5,96,0.96,5,"{""9201"":17,""9202"":20,""9203"":19,""9204"":20,""9205"":20}",3.314942904955181,0.7508003748963171,923.7016862829147,224.46511177421172,0.9115213173065251,0.0754126185042831,13.89,3.174570837136888,66.92856061259003,20.59313379993378,6.77,1.7991942641082426,1,3,4,1,0
C11_J05_K2_SCALE_1P5,full_c11_channel_scale_1p5,100,5,100,1.0,5,"{""9201"":20,""9202"":20,""9203"":20,""9204"":20,""9205"":20}",3.2830238492748527,0.627439254484451,915.3085760965117,204.80167973496586,0.930073891822546,0.04071236590289987,13.85,2.977834783865619,68.48575323240571,16.358302688166667,7.32,1.5091719583930785,0,0,0,0,0
C11_J05_K2_SIGN_FLIP,full_c11_channel_sign_flip,100,5,82,0.82,4,"{""9201"":19,""9202"":20,""9203"":5,""9204"":19,""9205"":19}",2.6969395234220395,0.759250110073932,644.667724935654,285.8303664637605,0.8339577001963877,0.12530201451681464,9.88,4.1839694071539295,80.81432973729169,23.88256696549553,5.4,2.349468024894146,13,18,15,5,8
C11_J05_K2_STATIC_MEAN,full_c11_channel_static_mean,100,5,97,0.97,5,"{""9201"":18,""9202"":20,""9203"":19,""9204"":20,""9205"":20}",3.3311582583237787,0.7443247432868907,905.5107670025848,211.02070297823857,0.9200674833688357,0.07053911548135126,13.61,2.992975108483196,69.78365929576958,25.234385154997813,7.29,1.8071801238393477,1,2,3,1,1
C11_J05_K2_TIME_PERMUTED,full_c11_channel_time_permuted,100,5,98,0.98,5,"{""9201"":19,""9202"":20,""9203"":19,""9204"":20,""9205"":20}",3.269156024173805,0.7439119726843461,878.3981806375942,218.73991718356757,0.9145920476874667,0.06930209446797203,13.24,3.066333315215422,69.65170793993587,17.310280248788565,7.28,2.078845833629805,2,2,1,2,0
C11_J06_K1_ZERO,full_c11_channel_zero,100,5,44,0.44,2,"{""9201"":1,""9202"":20,""9203"":20,""9204"":3,""9205"":0}",1.6713946987614385,1.4470563969741617,445.8203384477298,410.5701004932026,0.7526332703221955,0.1907054039768465,6.63,6.0920521993824055,107.26540406563134,107.65282834154713,3.73,2.82437603728682,48,55,34,53,50
C11_J06_K1_SCALE_0P5,full_c11_channel_scale_0p5,100,5,96,0.96,5,"{""9201"":17,""9202"":20,""9203"":20,""9204"":19,""9205"":20}",3.1422711596712487,0.9069609845743097,891.1657824604014,267.55788471175293,0.9114626485648855,0.08192668610879376,13.51,3.8535567985952928,80.89349624231978,72.06511516710079,6.74,1.6889049706836674,4,4,4,4,3
C11_J06_K1_SCALE_1P5,full_c11_channel_scale_1p5,100,5,100,1.0,5,"{""9201"":20,""9202"":20,""9203"":20,""9204"":20,""9205"":20}",3.4441354368986294,0.5930900337973595,943.3530148096604,174.9015045187638,0.9312747480084239,0.047654312381264274,14.35,2.515452245621053,65.59610166630755,12.693578358870091,7.83,1.5430813329180026,0,0,0,0,0
C11_J06_K1_SIGN_FLIP,full_c11_channel_sign_flip,100,5,37,0.37,2,"{""9201"":0,""9202"":17,""9203"":20,""9204"":0,""9205"":0}",1.1737138053145117,1.2624306198954758,299.10553450632017,351.9559366842886,0.6834411432206658,0.16926041257161953,4.66,5.335203838655089,135.0089615939616,146.38143112616055,2.79,2.9301706434950163,62,63,61,62,60
C11_J06_K1_STATIC_MEAN,full_c11_channel_static_mean,100,5,99,0.99,5,"{""9201"":20,""9202"":20,""9203"":20,""9204"":19,""9205"":20}",3.480849175393915,0.6991122183570135,962.8492586796795,196.14230507639482,0.9311519508253419,0.05622684921917315,14.61,2.774508965564898,64.95350948294912,17.482374075188876,7.23,1.5928276742949943,0,1,1,1,0
C11_J06_K1_TIME_PERMUTED,full_c11_channel_time_permuted,100,5,100,1.0,5,"{""9201"":20,""9202"":20,""9203"":20,""9204"":20,""9205"":20}",3.462070743290972,0.6451873448212331,948.5430175698166,189.55977353280986,0.9334827393943763,0.04832442631895845,14.37,2.75555801971216,64.57923849108407,12.783419564824886,7.26,1.4671059948074643,0,0,0,0,0
C11_J06_K2_ZERO,full_c11_channel_zero,100,5,95,0.95,5,"{""9201"":20,""9202"":20,""9203"":15,""9204"":20,""9205"":20}",3.269047128648907,0.7914026140226571,804.0267753598163,231.85837289544128,0.8792608442741465,0.08768624711607635,12.35,3.564758056306206,75.68955213985362,24.51298321774568,6.67,2.1957003438538694,4,5,4,3,0
C11_J06_K2_SCALE_0P5,full_c11_channel_scale_0p5,100,5,100,1.0,5,"{""9201"":20,""9202"":20,""9203"":20,""9204"":20,""9205"":20}",3.663213589055586,0.5963273272459316,991.9267212911996,160.92865398418797,0.9431468871520328,0.03526681308868284,15.03,2.295452025201137,62.452558587654174,11.363144702045735,7.67,1.3860375175297384,0,0,0,0,0
C11_J06_K2_SCALE_1P5,full_c11_channel_scale_1p5,100,5,98,0.98,5,"{""9201"":19,""9202"":20,""9203"":19,""9204"":20,""9205"":20}",3.15343016778181,0.8496785535814374,902.2934966480544,249.8477739494703,0.9120708923618897,0.07318783316985361,13.67,3.5945931619586657,68.2184765602045,20.708147549308773,6.72,1.575309493401217,2,2,1,2,0
C11_J06_K2_SIGN_FLIP,full_c11_channel_sign_flip,100,5,86,0.86,5,"{""9201"":20,""9202"":14,""9203"":12,""9204"":20,""9205"":20}",2.736909347719891,0.6979643583842577,612.6730584063474,203.97383390372,0.8147839371727676,0.08148349797991468,9.49,3.1827503829235493,106.48759404484404,52.07096306903329,5.64,1.9365949499056325,2,12,10,0,3
C11_J06_K2_STATIC_MEAN,full_c11_channel_static_mean,100,5,98,0.98,5,"{""9201"":19,""9202"":20,""9203"":20,""9204"":19,""9205"":20}",3.3616288476910436,0.6429670165705632,942.2485732614144,202.014789869059,0.9269688005374163,0.05729448647224518,14.26,2.890051902648117,65.44289572420185,12.17814622535264,7.4,1.47648230602334,0,1,2,1,0
C11_J06_K2_TIME_PERMUTED,full_c11_channel_time_permuted,100,5,99,0.99,5,"{""9201"":19,""9202"":20,""9203"":20,""9204"":20,""9205"":20}",3.3516994104809896,0.7078796021294723,933.2111038830241,213.44018013939484,0.9241475256318772,0.055622213610027775,14.09,3.02024833416062,68.16289592042804,26.35335453898953,7.34,1.5698407562552326,0,1,1,1,1
C11_J07_K1_ZERO,full_c11_channel_zero,100,5,84,0.84,5,"{""9201"":20,""9202"":20,""9203"":18,""9204"":14,""9205"":12}",2.221145383943049,0.8752055608446717,628.4263067016805,270.4922540305327,0.8257322735385202,0.11695526790441196,9.4,3.6578682316343762,100.44024233867985,41.346927641029204,5.48,1.8410866356584092,5,14,14,6,6
C11_J07_K1_SCALE_0P5,full_c11_channel_scale_0p5,100,5,99,0.99,5,"{""9201"":20,""9202"":20,""9203"":20,""9204"":19,""9205"":20}",3.1461273781362022,0.6627624293620386,876.7244084448092,189.35940697931866,0.9256967530236807,0.04997974589897561,13.3,2.6248809496813372,70.71808227230287,17.2570946733588,7.01,1.5523852614605693,0,1,0,0,0
C11_J07_K1_SCALE_1P5,full_c11_channel_scale_1p5,100,5,100,1.0,5,"{""9201"":20,""9202"":20,""9203"":20,""9204"":20,""9205"":20}",3.5073489593539664,0.43011600677237993,983.4568942412935,149.09035682169653,0.939522131458548,0.031349758851370445,14.87,2.1893149613520664,63.18825498031381,10.415698865332997,7.48,1.5197368193210297,0,0,0,0,0
C11_J07_K1_SIGN_FLIP,full_c11_channel_sign_flip,100,5,32,0.32,2,"{""9201"":0,""9202"":12,""9203"":0,""9204"":20,""9205"":0}",1.3356675583152748,1.3063346336709007,320.4624298010815,368.1189466593653,0.6494540325499805,0.1889829588447394,4.98,5.5190216524308005,78.19537708668143,63.46556129706616,3.06,2.9455729493597675,64,68,67,64,56
C11_J07_K1_STATIC_MEAN,full_c11_channel_static_mean,100,5,97,0.97,5,"{""9201"":17,""9202"":20,""9203"":20,""9204"":20,""9205"":20}",3.412969318842534,0.6699661126763875,932.3222284910973,198.38053177051464,0.927719827986898,0.055358778115631925,14.13,2.8518590427999766,68.4574233707469,28.43003254578546,7.09,1.4219353009191382,0,2,2,0,1
C11_J07_K1_TIME_PERMUTED,full_c11_channel_time_permuted,100,5,100,1.0,5,"{""9201"":20,""9202"":20,""9203"":20,""9204"":20,""9205"":20}",3.507943443623861,0.49182408208911754,962.4005605753212,156.6099787196083,0.9436254778822417,0.031095078775282465,14.62,2.217115242832451,63.61763902110962,10.125053243311662,7.38,1.4545102268461365,0,0,0,0,0
C11_J07_K2_ZERO,full_c11_channel_zero,100,5,100,1.0,5,"{""9201"":20,""9202"":20,""9203"":20,""9204"":20,""9205"":20}",3.8590440607387735,0.4681083633203337,972.3759548954398,121.47272395533457,0.9274787003376926,0.04293409764105174,14.82,1.856771391421141,62.33113230886759,8.4965625233612,7.57,1.8069587709740362,0,0,0,0,0
C11_J07_K2_SCALE_0P5,full_c11_channel_scale_0p5,100,5,100,1.0,5,"{""9201"":20,""9202"":20,""9203"":20,""9204"":20,""9205"":20}",3.652068411860281,0.49145596588134344,1003.3668021330693,166.10802711831482,0.939994133568817,0.04271891060451399,15.19,2.3987288300264376,61.36745721714646,11.190498440890302,7.68,1.6302147097851865,0,0,0,0,0
C11_J07_K2_SCALE_1P5,full_c11_channel_scale_1p5,100,5,99,0.99,5,"{""9201"":20,""9202"":20,""9203"":20,""9204"":19,""9205"":20}",3.1852976611974175,0.6298855956024894,908.5273342936323,206.28066139452503,0.9233883138449225,0.05302057366328619,13.81,3.0321444556617023,68.76776384236679,17.22176101222921,7.23,1.5417846801677595,0,1,1,0,0
C11_J07_K2_SIGN_FLIP,full_c11_channel_sign_flip,100,5,99,0.99,5,"{""9201"":20,""9202"":20,""9203"":20,""9204"":19,""9205"":20}",3.309345860138517,0.7120115642142723,841.3392655660625,219.2327056665806,0.8781386367093346,0.05999019212234305,12.83,3.25593304599465,73.84973920687156,20.389297162282435,6.79,1.5893080255255745,0,1,1,0,0
C11_J07_K2_STATIC_MEAN,full_c11_channel_static_mean,100,5,97,0.97,5,"{""9201"":19,""9202"":20,""9203"":20,""9204"":18,""9205"":20}",3.1289371157904213,0.8175429101504471,883.4811952339915,237.6839496327696,0.9057532665041168,0.07589293101342835,13.26,3.4340064065170295,73.17006312804843,26.070337101651695,6.94,1.58,0,3,2,1,0
C11_J07_K2_TIME_PERMUTED,full_c11_channel_time_permuted,100,5,96,0.96,5,"{""9201"":19,""9202"":20,""9203"":20,""9204"":17,""9205"":20}",3.1531317673629062,0.8548019470694662,887.370546141442,252.46864241343425,0.906007776789896,0.08999183574003265,13.45,3.742659482239868,73.19871420666875,42.30830969630804,6.99,1.8357287381309908,3,3,4,3,2
C11_J08_K1_ZERO,full_c11_channel_zero,100,5,72,0.72,3,"{""9201"":5,""9202"":20,""9203"":7,""9204"":20,""9205"":20}",2.5574480079246413,1.3902740884233917,725.9479477964018,420.95033367177075,0.8313187646537814,0.16884285533923588,10.88,6.155127943430582,74.32550271451976,43.72498211137838,5.99,3.2542126543912273,26,27,27,26,8
C11_J08_K1_SCALE_0P5,full_c11_channel_scale_0p5,100,5,99,0.99,5,"{""9201"":20,""9202"":20,""9203"":19,""9204"":20,""9205"":20}",3.300930161990918,0.7120803360865614,935.1794302423489,216.30424192614427,0.9291977449763319,0.04874668670946301,14.1,3.214031735997639,67.44182878469138,18.23783705832655,7.3,1.565247584249853,1,1,0,1,0
C11_J08_K1_SCALE_1P5,full_c11_channel_scale_1p5,100,5,97,0.97,5,"{""9201"":18,""9202"":20,""9203"":19,""9204"":20,""9205"":20}",3.3251349445208005,0.8453094029636612,917.6590031901178,229.993815429545,0.9176974365110365,0.07627012205805903,13.85,3.3207679834640658,66.67255608525461,16.209910685641034,7.1,1.6763054614240214,2,3,3,3,0
C11_J08_K1_SIGN_FLIP,full_c11_channel_sign_flip,100,5,35,0.35,2,"{""9201"":0,""9202"":4,""9203"":10,""9204"":20,""9205"":1}",1.4413551154935222,1.170964484155245,373.0708603810713,336.1926121961546,0.697511078829611,0.16479616100421504,5.91,4.98015060013249,62.14053717954817,36.04169211289645,3.45,2.725344014982329,54,61,63,54,10
C11_J08_K1_STATIC_MEAN,full_c11_channel_static_mean,100,5,99,0.99,5,"{""9201"":20,""9202"":20,""9203"":20,""9204"":19,""9205"":20}",3.4318843142811244,0.5936230496740568,962.3386896974439,171.54787656699776,0.9404843441532617,0.04320448987186219,14.48,2.4677114904299486,65.95827700687686,23.650809743522462,7.46,1.4520330574749325,0,1,1,1,1
C11_J08_K1_TIME_PERMUTED,full_c11_channel_time_permuted,100,5,97,0.97,5,"{""9201"":17,""9202"":20,""9203"":20,""9204"":20,""9205"":20}",3.4276411239242517,0.7058742645477849,950.5450768149634,207.20983959793884,0.9280700347809837,0.06318765310157691,14.29,2.8992930172716247,69.73409237829594,32.67702527841592,7.43,1.5636815532582073,0,3,3,0,1
C11_J08_K2_ZERO,full_c11_channel_zero,100,5,85,0.85,4,"{""9201"":6,""9202"":19,""9203"":20,""9204"":20,""9205"":20}",3.260078266002639,1.314509534144547,872.7832483448075,333.3561026093504,0.8703924123093131,0.12994113247656042,13.42,5.04812836603825,57.710836312462874,11.511328699413369,6.55,2.46322958735072,14,14,15,14,1
C11_J08_K2_SCALE_0P5,full_c11_channel_scale_0p5,100,5,98,0.98,5,"{""9201"":18,""9202"":20,""9203"":20,""9204"":20,""9205"":20}",3.2645165038704405,0.800883846488562,904.8063903418607,222.94185912194638,0.9118003110103992,0.07488853723769781,13.74,3.2422831461795565,67.40196720191574,16.713521968039238,7.33,1.6616558007000124,2,2,2,2,0
C11_J08_K2_SCALE_1P5,full_c11_channel_scale_1p5,100,5,97,0.97,5,"{""9201"":19,""9202"":20,""9203"":19,""9204"":19,""9205"":20}",3.299728411731687,0.7821503520264864,916.8009265242408,232.32317184936971,0.9154789389792195,0.07848357639893123,13.81,3.351701060655618,68.11826990982873,20.66224528460655,7.21,1.6266222671536252,1,2,3,1,0
C11_J08_K2_SIGN_FLIP,full_c11_channel_sign_flip,100,5,92,0.92,5,"{""9201"":14,""9202"":20,""9203"":19,""9204"":19,""9205"":20}",3.1664517505099594,1.0796226985673918,817.5376235554542,269.8027215127523,0.859262447798243,0.09639654975937086,12.57,3.9680095766013475,69.96112952044325,20.29167502013717,6.59,2.2498666627158155,6,6,8,6,1
C11_J08_K2_STATIC_MEAN,full_c11_channel_static_mean,100,5,91,0.91,5,"{""9201"":12,""9202"":20,""9203"":20,""9204"":19,""9205"":20}",3.2576986674514608,1.0154067390140036,895.3890396067172,276.1325533853602,0.9070110469897371,0.11491105690317906,13.46,3.965904688718578,64.901340647098,14.021665393280141,6.72,1.9343215865000318,7,8,9,8,0
C11_J08_K2_TIME_PERMUTED,full_c11_channel_time_permuted,100,5,97,0.97,5,"{""9201"":18,""9202"":20,""9203"":20,""9204"":19,""9205"":20}",3.379841270292937,0.7053879753898452,936.064668944382,197.28412277969764,0.9274966962957129,0.061660253895715854,14.09,2.912370168780061,66.60187670254582,17.234250751627847,7.15,1.4517231140957976,1,1,3,1,0
C11_PAIR_NEC_J01,c11_joint_pair_necessity,100,5,0,0.0,0,"{""9201"":0,""9202"":0,""9203"":0,""9204"":0,""9205"":0}",0.1074451376236355,0.16881024437138453,0.18858738947476614,1.0030221935117858,0.5035825838194321,0.027290316604551407,0.0,0.0,,,0.0,0.0,100,100,100,100,100
C11_PAIR_NEC_J02,c11_joint_pair_necessity,100,5,0,0.0,0,"{""9201"":0,""9202"":0,""9203"":0,""9204"":0,""9205"":0}",0.0356969177305341,0.06298039755072682,1.125089115256881,1.6572716245736856,0.5061984310294082,0.026995878022724306,0.0,0.0,,,0.0,0.0,100,100,100,100,100
C11_PAIR_NEC_J03,c11_joint_pair_necessity,100,5,0,0.0,0,"{""9201"":0,""9202"":0,""9203"":0,""9204"":0,""9205"":0}",0.06540178202950074,0.03776369567099259,7.733172654660214,0.5222421713122739,0.5572181235549535,0.12302779412636991,0.0,0.0,,,0.0,0.0,100,100,83,100,100
C11_PAIR_NEC_J04,c11_joint_pair_necessity,100,5,53,0.53,3,"{""9201"":14,""9202"":11,""9203"":5,""9204"":14,""9205"":9}",1.581193387648146,0.8147782559860006,375.29583824969586,200.16010060482103,0.7542601785740543,0.1014930879571974,5.82,3.118910066032684,104.76118080152169,59.297075373892504,3.59,1.8226080214900844,24,47,31,24,15
C11_PAIR_NEC_J05,c11_joint_pair_necessity,100,5,65,0.65,3,"{""9201"":17,""9202"":18,""9203"":6,""9204"":5,""9205"":19}",1.8136094797346758,0.9363230092588587,467.88655004048616,244.04496614040963,0.7907636595284195,0.12339973556929522,7.34,3.5446297408897305,116.79558381925403,86.108516191496,5.1,2.4269322199023193,13,34,26,20,11
C11_PAIR_NEC_J06,c11_joint_pair_necessity,100,5,71,0.71,4,"{""9201"":13,""9202"":20,""9203"":18,""9204"":0,""9205"":20}",2.409975978876165,1.426210758610551,588.7761079135797,352.54668415895503,0.8263745210673328,0.142150967918381,9.23,5.157237632686708,93.53776076667644,51.855989553984124,5.3,2.6702059845637374,19,28,20,22,18
C11_PAIR_NEC_J07,c11_joint_pair_necessity,100,5,93,0.93,5,"{""9201"":19,""9202"":20,""9203"":20,""9204"":20,""9205"":14}",3.0635034747442864,0.8512474114621926,852.4923953733169,255.1836723742363,0.9164010130447765,0.08127466811823783,13.09,3.715090846803077,73.43995119276482,35.73239155365339,6.7,1.7916472867168916,2,7,4,3,4
C11_PAIR_NEC_J08,c11_joint_pair_necessity,100,5,99,0.99,5,"{""9201"":19,""9202"":20,""9203"":20,""9204"":20,""9205"":20}",3.516033200420903,0.8000890472883766,945.855352821844,255.45352045847105,0.9308260346605586,0.06092758956062173,14.16,3.86450514296462,73.99091611939832,39.00311266268364,7.63,2.1337994282499935,0,1,0,0,1
C00_PAIR_SUFF_J01,c00_joint_pair_sufficiency,100,5,38,0.38,2,"{""9201"":19,""9202"":0,""9203"":7,""9204"":0,""9205"":12}",2.025407494424452,0.9407291460028769,294.864608995894,319.52232326398297,0.6567410917377249,0.1530298135361263,4.39,4.799781245015235,95.68316826851309,42.82319838297293,2.67,2.767869216563528,55,61,58,6,43
C00_PAIR_SUFF_J02,c00_joint_pair_sufficiency,100,5,35,0.35,2,"{""9201"":12,""9202"":0,""9203"":3,""9204"":0,""9205"":20}",1.8502782556277966,1.0202385658802329,281.92014738980714,323.32052658517324,0.6507581240092557,0.15905170754550102,4.39,5.0455822260666805,93.70735866697406,44.86584209845187,2.65,3.0540956108150903,51,63,63,13,49
C00_PAIR_SUFF_J03,c00_joint_pair_sufficiency,100,5,40,0.4,2,"{""9201"":20,""9202"":0,""9203"":0,""9204"":0,""9205"":20}",2.394572571455051,1.252311866195439,457.3794978279267,513.4975516386381,0.6865773199558588,0.19472726492035047,6.97,7.959214785391835,70.89203058142004,40.22880177478855,3.63,4.1052527327802855,54,60,56,8,49
C00_PAIR_SUFF_J04,c00_joint_pair_sufficiency,100,5,35,0.35,2,"{""9201"":16,""9202"":0,""9203"":0,""9204"":0,""9205"":19}",1.7895426661583924,1.2525303485004113,239.65841209998845,312.09726867493396,0.625075843799045,0.15141361084364843,3.68,4.878278384840291,91.81327383442769,22.541490217988407,2.07,2.7649773959293045,62,64,65,33,61
C00_PAIR_SUFF_J05,c00_joint_pair_sufficiency,100,5,26,0.26,1,"{""9201"":7,""9202"":0,""9203"":0,""9204"":0,""9205"":19}",1.7908098179183307,0.9256250987948762,213.7439974467761,258.5229795409679,0.6307478296568013,0.13831130793889873,3.24,4.03514559836445,107.01023440383905,63.49219744123226,2.24,2.709686328710392,64,73,73,20,58
C00_PAIR_SUFF_J06,c00_joint_pair_sufficiency,100,5,40,0.4,2,"{""9201"":20,""9202"":0,""9203"":0,""9204"":0,""9205"":20}",1.6717035084038292,1.3562346688875306,328.108181645752,390.86829752154574,0.6989374518516257,0.17213112150019586,5.03,6.09172389394004,97.39639753337232,73.99347370644753,2.67,2.9259357477566046,60,60,48,40,60
C00_PAIR_SUFF_J07,c00_joint_pair_sufficiency,100,5,33,0.33,2,"{""9201"":18,""9202"":0,""9203"":0,""9204"":0,""9205"":15}",1.4690309814482416,1.0940343141496522,235.3992816895981,281.7868123878933,0.6582060312250961,0.15100834851253098,3.6,4.2895221179054435,121.09800368476837,50.73565897608208,2.23,2.6602819399454636,59,67,59,37,50
C00_PAIR_SUFF_J08,c00_joint_pair_sufficiency,100,5,43,0.43,2,"{""9201"":20,""9202"":0,""9203"":3,""9204"":0,""9205"":20}",2.186739794364273,0.834729705949358,328.1794448789285,343.25230399722216,0.681732568906806,0.1658052170004706,4.94,5.230334597327403,91.75315737721397,31.756218846469846,2.92,3.03539124331609,50,57,52,10,48
