configuration_id,paper_label,formal_run,training_seed,checkpoint_batch,checkpoint_sha256,npz_relative_path,npz_sha256,positions_xy_sha256,actions_sha256,episode_count,reset_seed_min,reset_seed_max,positions_shape_valid,finite_valid,effective_behavior_group,effective_behavior_group_size,exact_position_equivalent_across_runs
HPR_DTH_PS,HPR-DTH-PS,0,9201,1500,0c68a13b520616952abcbdb39357f890eb109962bf12b5d897c58d0a67aa9b47,tasks\HPR_DTH_PS\run0\checkpoint_1500.npz,5d38a545539e1f3f4a8055905ac918cf3dc4a702b58f819963447570247df09e,81b25de0caf723f5aa4137db08bc158f3afb284d8ea3980e3ccd21fc57566281,5ea8393d52514f61c9e486870f02e52f92162f32003e060173d673ff7f1cfc4d,20,20264101,20264120,True,True,EQ002,4,True
HPR_DTH_PS,HPR-DTH-PS,1,9202,1500,1c0167442ee274d889a6b9231655360a9f821cf965512ee9de072170499d1cc2,tasks\HPR_DTH_PS\run1\checkpoint_1500.npz,2bf61d20bd11d4f86128bc0c6439bc8c9a0e9dce3421eaab135aafce392cc572,26185b2572ed8f6f00eac3d2d22b096629025fd5f399a3544fff13a6e0902b76,04dcb2ed2123d181fc39b928f447dbf872c4475450f67733abd6f55b95228c9e,20,20264101,20264120,True,True,EQ001,5,True
HPR_DTH_PS,HPR-DTH-PS,2,9203,1500,6b7307c84db790549206b50e764bd8563fd7fa3399db5e883e4e98da61c49e12,tasks\HPR_DTH_PS\run2\checkpoint_1500.npz,5d38a545539e1f3f4a8055905ac918cf3dc4a702b58f819963447570247df09e,81b25de0caf723f5aa4137db08bc158f3afb284d8ea3980e3ccd21fc57566281,5ea8393d52514f61c9e486870f02e52f92162f32003e060173d673ff7f1cfc4d,20,20264101,20264120,True,True,EQ002,4,True
HPR_DTH_PS,HPR-DTH-PS,3,9204,1500,d9e61cd2fb7d4fb2463508b68b7a7fcd8a4d403dd9b263cb090cb67cf381b5ed,tasks\HPR_DTH_PS\run3\checkpoint_1500.npz,8d5a6c67b03cce618ba688435c10a0624cffeaf3afbbaf3b05be0e31d48f7cf8,2559db8348aacc6f04619389ef721f4f8bcedafdae4b68e4652c1e0c42c437d2,dd1d11bec01b933ab13dcf5339a699994a3fd5ec8da3ee36ae82a34590ea540c,20,20264101,20264120,True,True,UNIQUE,1,False
HPR_DTH_PS,HPR-DTH-PS,4,9205,1500,b53ec0322cb9061ebca9048867f6779ff379e7325bd7f97cb245b07441e537af,tasks\HPR_DTH_PS\run4\checkpoint_1500.npz,5d38a545539e1f3f4a8055905ac918cf3dc4a702b58f819963447570247df09e,81b25de0caf723f5aa4137db08bc158f3afb284d8ea3980e3ccd21fc57566281,5ea8393d52514f61c9e486870f02e52f92162f32003e060173d673ff7f1cfc4d,20,20264101,20264120,True,True,EQ002,4,True
HPR_O2_JS,HPR-O2-JS,0,9201,1500,b697425ffa994ccc4ce32db29573e6f87576c3c16ce39ea35a50a38a183e7ea6,tasks\HPR_O2_JS\run0\checkpoint_1500.npz,69838f8caee40373015b167aae4446de85985aced5eda2fffd4a93eeb470a41b,56bb06d1942da038ab848dc7822392019189c6f238801483d72a40c7a2e90939,18147880a8f6d72cae5bdd18b796fe64517eed074ee61e3ae78d1568ddf76e73,20,20264101,20264120,True,True,UNIQUE,1,False
HPR_O2_JS,HPR-O2-JS,1,9202,1500,e3715c6deb1410a85a12261883a2eb80d5a8ff9f95c32f7b17624c5b5823cfdc,tasks\HPR_O2_JS\run1\checkpoint_1500.npz,22b6893a01fc2d2dcc2c7b79158a9d05a71c169f47d1d4b03d8d85df18b4c878,d109a0639a02b79e013aae78a96de081a84dbcaa22c253ab20d92a664c5512e2,bd8ec2ae557bd8832a4657db25012b84bd4a682a2a182dce2ed55bdb7e592b88,20,20264101,20264120,True,True,UNIQUE,1,False
HPR_O2_JS,HPR-O2-JS,2,9203,1500,0428d9a86b6622d924738c68fe09df4c6ab922e2a3225a5c24ba41e96eb1c4b8,tasks\HPR_O2_JS\run2\checkpoint_1500.npz,b1d9553aada3038378af329d1a0863b6311198ad6944d175a1de8f4f40b23b40,ad1b67dd89b79ccf1f89b5d8a95c7cbbeba28553412f1027ca7ab65df8c019cf,33a89cff8e993b39f56c6daef39afc92ed0ef8c5eb286ddc47d311317b04acea,20,20264101,20264120,True,True,UNIQUE,1,False
HPR_O2_JS,HPR-O2-JS,3,9204,1500,76b6cecf570069a7c7f2e65754114f541a0e475ab395378649c74a9abd061a1a,tasks\HPR_O2_JS\run3\checkpoint_1500.npz,343e77463689c128b487a82e343a4a3ad0649cba5550425e8cde6ed5fd013236,71c327042d7c684479d6d2d37b2817e56277b10b424dc9ce8f92c584dca66ff7,19a789081976610f1abd41711d0e3427624b79d9911d0525338b6352d880266c,20,20264101,20264120,True,True,UNIQUE,1,False
HPR_O2_JS,HPR-O2-JS,4,9205,1500,0edb440aa10351b24f8208880b208fc66ebf03cb548e803a7e45f85062eb9383,tasks\HPR_O2_JS\run4\checkpoint_1500.npz,b5d40afb4fa02143123a03cd356f3a85550248b258bb67faa0069f0b96e89d7c,fe5e43bb34a142a55f1651a0a48664e5c8fab67b68bedf1dbd1db7dcccc995c6,dbda72ef8ae4ebe53120b7f642d56ca825c13fbc496273f5b59c2ccc98418d3d,20,20264101,20264120,True,True,UNIQUE,1,False
HPR_O2_PS,HPR-O2-PS,0,9201,1500,632389558802adb0b5a178a9c2c1706bdc5ab2bde889a34ee04e4b17c30476d0,tasks\HPR_O2_PS\run0\checkpoint_1500.npz,42db759b4dfbcc91366bd20a536292e90ce25ed65f6d9267673222fb794b15d5,0455093eccd9c6deea9d991952c8109563e3891b9d56a79e5bd16f051a1deff0,efca2cafea3e9798f704a6e4922d14a2140480c7c23cd6d85150fd44dc057b68,20,20264101,20264120,True,True,UNIQUE,1,False
HPR_O2_PS,HPR-O2-PS,1,9202,1500,7be3e18700f178ca8037aa33a4c9a75808383b1784714b4c8edb660b9d2734a9,tasks\HPR_O2_PS\run1\checkpoint_1500.npz,464d6684b3dd656d25749c7b100a204cab1fd7b70a8d393595e347e5e27efc04,f522c565bd3af4879f8acae3ebe6333869e0d70e098e81622bfb38d9eb8e26b0,d616b9698cb491ed3338926f43d668e2131f80d328a3dfa7330e33952b9abca8,20,20264101,20264120,True,True,UNIQUE,1,False
HPR_O2_PS,HPR-O2-PS,2,9203,1500,b121450845f8143b7136a7bc91f79e59484a6cdbfc24cd9f72998cb43834e32f,tasks\HPR_O2_PS\run2\checkpoint_1500.npz,878ea7d29d0290a18d09a2e2b54fd62145d26d00659413e2ce9f356f5829736c,74285016a2f5c751ec875d05021e03c4cf87c6d471bbfc509a85039572698e75,936344a9df0a69e3dbb3def14c82ffc2d77b86750198974c052d8c8a6f219e65,20,20264101,20264120,True,True,UNIQUE,1,False
HPR_O2_PS,HPR-O2-PS,3,9204,1500,d646088e649ce63b3c1ab82e91a64d04c265c790a92eb5ae129db30e45a5ef6f,tasks\HPR_O2_PS\run3\checkpoint_1500.npz,edca237bd3dae58042d11a2ef77a176b8d1b5ae132d9fc63e49bbe819ec1c562,a77b7e6009a3c55b196d8b0fecde43b48c1c48aaef0e479eca29db2393c3d1be,abefa070babc53e178fdaff1ac49ca47ef4d9c8b9f25db7512c3ade7c71b50f5,20,20264101,20264120,True,True,UNIQUE,1,False
HPR_O2_PS,HPR-O2-PS,4,9205,1500,fa7149fa1d2ef815c9fe914ba5f8e1f7b5ea58fd12b04eb6a9218343295448a7,tasks\HPR_O2_PS\run4\checkpoint_1500.npz,4882bb72f5892e843010936131f7805a5c23e98ebc41b07d83c16a3fc90d0e39,0b5310c42b80b231303115722bce03e8b1dc62792651b956e30ee1c8eebad862,c9b60f1a12eb05878852a392745d1f4d32c3d68f768158893e97d9bae6223b02,20,20264101,20264120,True,True,UNIQUE,1,False
HPR_OBS_PS,HPR-OBS-PS,0,9201,1500,165c6158688ab961e5c19f62b3025415801af1eb3abe3f58476d751b1ca65199,tasks\HPR_OBS_PS\run0\checkpoint_1500.npz,c45c948be7abe2a743351c9c2cf3b9c3f024d2c0b70542d8bb532f026e0777fb,26185b2572ed8f6f00eac3d2d22b096629025fd5f399a3544fff13a6e0902b76,04dcb2ed2123d181fc39b928f447dbf872c4475450f67733abd6f55b95228c9e,20,20264101,20264120,True,True,EQ001,5,True
HPR_OBS_PS,HPR-OBS-PS,1,9202,1500,24b12f863937f9c69f5adb1271e98ac6cbd22b36aefbaa8ae46178637f0ff091,tasks\HPR_OBS_PS\run1\checkpoint_1500.npz,b0b8c2301b00d2a9b553bda9b90b8c4ea6a975d31a213d9b71832ffc3c9eba98,d407b2d2a7c3e632293634bad35e67eb576435450f5e8b1f939c62f4bee0fb15,6f94e8ffa345a524943c7ccfdb6d26d6e6c3c756cfd924d21c6a72ba848b6859,20,20264101,20264120,True,True,UNIQUE,1,False
HPR_OBS_PS,HPR-OBS-PS,2,9203,1500,6dcd7af149b5b13ba1eaf7d181193c910a7caa136b64b73ecb522ce6f8df2add,tasks\HPR_OBS_PS\run2\checkpoint_1500.npz,c45c948be7abe2a743351c9c2cf3b9c3f024d2c0b70542d8bb532f026e0777fb,26185b2572ed8f6f00eac3d2d22b096629025fd5f399a3544fff13a6e0902b76,04dcb2ed2123d181fc39b928f447dbf872c4475450f67733abd6f55b95228c9e,20,20264101,20264120,True,True,EQ001,5,True
HPR_OBS_PS,HPR-OBS-PS,3,9204,1500,8fda7817e99d0a5366779de14f39348554d661c0b715dfdf8816ad5b612bbc6d,tasks\HPR_OBS_PS\run3\checkpoint_1500.npz,31b4460e8af70552cfd63093478c588818791f0520800fab621b01b4d400e099,9437559c076c89cdb7bdd5b16ce76c76fea64f02187b93f5de4bf0cc7f24ff2f,fa12bb1f8c57599f78c69e03b056acb6ed8bab3a7a2870fba974a1477be10ca7,20,20264101,20264120,True,True,UNIQUE,1,False
HPR_OBS_PS,HPR-OBS-PS,4,9205,1500,ed3278b306d8b513943c1c6156cf7f409073d54f3d6a3802db86c036ea86124c,tasks\HPR_OBS_PS\run4\checkpoint_1500.npz,c45c948be7abe2a743351c9c2cf3b9c3f024d2c0b70542d8bb532f026e0777fb,26185b2572ed8f6f00eac3d2d22b096629025fd5f399a3544fff13a6e0902b76,04dcb2ed2123d181fc39b928f447dbf872c4475450f67733abd6f55b95228c9e,20,20264101,20264120,True,True,EQ001,5,True
HPR_THDOT_PS,HPR-THDOT-PS,0,9201,1500,1c8aa2ccea13b07eb51510e8503a60ba59c41bc44bb1e6f0147d60913b6f2ee0,tasks\HPR_THDOT_PS\run0\checkpoint_1500.npz,3f864e84001c06807cdcf90c0dd659c3f9f8ede60e5fcd0bc31c5c0955d30a82,81b25de0caf723f5aa4137db08bc158f3afb284d8ea3980e3ccd21fc57566281,5ea8393d52514f61c9e486870f02e52f92162f32003e060173d673ff7f1cfc4d,20,20264101,20264120,True,True,EQ002,4,True
HPR_THDOT_PS,HPR-THDOT-PS,1,9202,1500,1459f3faf731b01a763b4d6705db4e0af21ef6c148032308a41fe47c94965f1e,tasks\HPR_THDOT_PS\run1\checkpoint_1500.npz,67c83987fb25f632c235d6f25d6572c3c38f831173aacc67d0a320a797e2c3ae,00ff31c2d1c74f453895285b4cccf9873fc5e76315984d98b99401e6860d4480,f3dc426887f152a7cb96cc9c273c5db5b367b364ab3b9a86f2043711e22bb04c,20,20264101,20264120,True,True,UNIQUE,1,False
HPR_THDOT_PS,HPR-THDOT-PS,2,9203,1500,04496ed0468da4390399b81507d9c66613f4b8a2c4adc70ae50a05c0b8e655de,tasks\HPR_THDOT_PS\run2\checkpoint_1500.npz,b00b220b3bcfaee6dae6572c36ce2d9562eb8860c2f378c11a0f3da5e610aa78,26185b2572ed8f6f00eac3d2d22b096629025fd5f399a3544fff13a6e0902b76,04dcb2ed2123d181fc39b928f447dbf872c4475450f67733abd6f55b95228c9e,20,20264101,20264120,True,True,EQ001,5,True
HPR_THDOT_PS,HPR-THDOT-PS,3,9204,1500,d9f8d8a75e3c26088b8d69becac96eb3c85cbbaba71a5afa98a2d7d75efe48ed,tasks\HPR_THDOT_PS\run3\checkpoint_1500.npz,6223e791c51e49168d42de9065efcc5a6ef2b09077aa096e01d618a3de9b9ccb,e0676b73a0f9ad80baa55b480c67bed56cb9905e4760f60df0cb366ad6eea318,7052a92445011cc11172add2db4b68cc3e81fff58b06b7b76814f2150c1e24db,20,20264101,20264120,True,True,UNIQUE,1,False
HPR_THDOT_PS,HPR-THDOT-PS,4,9205,1500,e32cb0bd943f98147620e66f2b77a404bf2a1d8ac3761f1126dd7b450b79a186,tasks\HPR_THDOT_PS\run4\checkpoint_1500.npz,acf67b48c5feb2fb35977339436bd73d49e537382153619348c723053aeef63b,d331bb19319a53b5c60e9da745ce9218c039ca4b608e43fae3552462a015d985,12b3b65479c5406b0427465d3ed34789f0e891edf3d88242751c10547754cc1e,20,20264101,20264120,True,True,UNIQUE,1,False
SGRR_O2_JS,SGRR-O2-JS,0,9201,1500,b2ae292c1e55a317ea29911cfcf67cf28db1cc82d5f5e36611c5bf4ca031bf34,tasks\SGRR_O2_JS\run0\checkpoint_1500.npz,819a5d22fe6f9d0dd1af8bc9402e5a3236db6816d51cd1f89b70b3a373947c17,2d8f3bd899d2b7a1f3eb10a69a44e7dfed536112e981e14de0bb043d33c11ee4,c30c88328d85458c480da6850a3a0a3d8ba254f291d6a19618636f0b228e3494,20,20264101,20264120,True,True,UNIQUE,1,False
SGRR_O2_JS,SGRR-O2-JS,1,9202,1500,37eda942c5cb171e61fba84bf279a1affdf3b612ac005d43d66ebb1cf441c713,tasks\SGRR_O2_JS\run1\checkpoint_1500.npz,33d41cae63fd6cd850c36c4fb4cea1432f5e59f84ec0abee5b3cf29f7c471f16,30143905ca042bed674d5f53ca479571b4d5c866f491ef6a2c50f52cc0a44186,1367f2ecf564c07c2417c7656433dd01fa158e6025bf9a26b7323826738d69c4,20,20264101,20264120,True,True,UNIQUE,1,False
SGRR_O2_JS,SGRR-O2-JS,2,9203,1500,dd721641654bef7ac978f3aba509adcdbcb62e5aeea68bb7b81584728ebcb53a,tasks\SGRR_O2_JS\run2\checkpoint_1500.npz,8adfdac14b86b98107726b8262400616b3064c20555df9ddc17640140545415a,506377686039c0c5733865d0ab64e9a677e4687b7295e181a10089c7127eaf93,249a08f0c02c4da260e60d1c1295f0a058602f03b458efad0ea7d00653817258,20,20264101,20264120,True,True,UNIQUE,1,False
SGRR_O2_JS,SGRR-O2-JS,3,9204,1500,7fd72590cf4491cc7d445785fad07f62d38d6f9635daef321031cf426eecdd60,tasks\SGRR_O2_JS\run3\checkpoint_1500.npz,75d104b69d82383a979a3d5ed80465ed79b78b3fe71901c85713f43ef74d796b,9ea05200b3a02cb1d51469003340ba08e6141a56b9cb0573aa821e882a73e1a0,4f4da0e7599a9a6772d1ffaaa590a09d581d980b0682e3847a5dbb4163b0cc23,20,20264101,20264120,True,True,UNIQUE,1,False
SGRR_O2_JS,SGRR-O2-JS,4,9205,1500,1a770ff49a9681e322be2d1c7a68d8593a6b690a8390b04b22e3d92ec9b34f74,tasks\SGRR_O2_JS\run4\checkpoint_1500.npz,3169c8e75f140b545e1a725a8397c8eb1f82ea199917217a4fe01d80c6582e10,98f354bb98b096c3e72fa8f7055428dc9f503658aa7fd5a1a9e1857b1c6ec4a5,e5e223d5da023280044faa95b2b45aaa6b4aee0be16224babd7726714418788d,20,20264101,20264120,True,True,UNIQUE,1,False
