relative_path,bytes,sha256
STUDY_MANIFEST.json,71980,ed63934eb00bfd0a94d8c759f97d444b3489576551e64eba18db3ddeece8ad38
run_results.csv,23488,ffc86d0e5b2e70e56377614f8e24154db8e09466e965d5cd9eebe7c4da2d4229
configuration_summary.csv,4926,f5d31de4835d82b0cee83f4f424dfc2445418b7b820234b5d66c90443a92a3eb
episode_results.csv,150554,0712a0ce912c0607ec22fbacaab235cc47e4745f262691e77be4ce7acb22c62b
EVALUATION_COMPLETE.json,837,66424a20cbb9b97c95f0bf76fc2cf414e473823bcf63ccc179dd33c918fb188c
FINAL_VALIDATION.json,1261,7bf2175cb21df6314d12810bf6349fbd24f400a1753f5809fc6d02e87bf51c73
tasks\HPR_DTH_PS\run0\checkpoint_1500.npz,1236557,5d38a545539e1f3f4a8055905ac918cf3dc4a702b58f819963447570247df09e
tasks\HPR_DTH_PS\run1\checkpoint_1500.npz,2017170,2bf61d20bd11d4f86128bc0c6439bc8c9a0e9dce3421eaab135aafce392cc572
tasks\HPR_DTH_PS\run2\checkpoint_1500.npz,1236557,5d38a545539e1f3f4a8055905ac918cf3dc4a702b58f819963447570247df09e
tasks\HPR_DTH_PS\run3\checkpoint_1500.npz,3954541,8d5a6c67b03cce618ba688435c10a0624cffeaf3afbbaf3b05be0e31d48f7cf8
tasks\HPR_DTH_PS\run4\checkpoint_1500.npz,1236557,5d38a545539e1f3f4a8055905ac918cf3dc4a702b58f819963447570247df09e
tasks\HPR_O2_JS\run0\checkpoint_1500.npz,7058230,69838f8caee40373015b167aae4446de85985aced5eda2fffd4a93eeb470a41b
tasks\HPR_O2_JS\run1\checkpoint_1500.npz,7160083,22b6893a01fc2d2dcc2c7b79158a9d05a71c169f47d1d4b03d8d85df18b4c878
tasks\HPR_O2_JS\run2\checkpoint_1500.npz,7082021,b1d9553aada3038378af329d1a0863b6311198ad6944d175a1de8f4f40b23b40
tasks\HPR_O2_JS\run3\checkpoint_1500.npz,7065318,343e77463689c128b487a82e343a4a3ad0649cba5550425e8cde6ed5fd013236
tasks\HPR_O2_JS\run4\checkpoint_1500.npz,7092580,b5d40afb4fa02143123a03cd356f3a85550248b258bb67faa0069f0b96e89d7c
tasks\HPR_O2_PS\run0\checkpoint_1500.npz,6891056,42db759b4dfbcc91366bd20a536292e90ce25ed65f6d9267673222fb794b15d5
tasks\HPR_O2_PS\run1\checkpoint_1500.npz,6983003,464d6684b3dd656d25749c7b100a204cab1fd7b70a8d393595e347e5e27efc04
tasks\HPR_O2_PS\run2\checkpoint_1500.npz,6929995,878ea7d29d0290a18d09a2e2b54fd62145d26d00659413e2ce9f356f5829736c
tasks\HPR_O2_PS\run3\checkpoint_1500.npz,6952500,edca237bd3dae58042d11a2ef77a176b8d1b5ae132d9fc63e49bbe819ec1c562
tasks\HPR_O2_PS\run4\checkpoint_1500.npz,6893498,4882bb72f5892e843010936131f7805a5c23e98ebc41b07d83c16a3fc90d0e39
tasks\HPR_OBS_PS\run0\checkpoint_1500.npz,1903775,c45c948be7abe2a743351c9c2cf3b9c3f024d2c0b70542d8bb532f026e0777fb
tasks\HPR_OBS_PS\run1\checkpoint_1500.npz,3862886,b0b8c2301b00d2a9b553bda9b90b8c4ea6a975d31a213d9b71832ffc3c9eba98
tasks\HPR_OBS_PS\run2\checkpoint_1500.npz,1903775,c45c948be7abe2a743351c9c2cf3b9c3f024d2c0b70542d8bb532f026e0777fb
tasks\HPR_OBS_PS\run3\checkpoint_1500.npz,3727631,31b4460e8af70552cfd63093478c588818791f0520800fab621b01b4d400e099
tasks\HPR_OBS_PS\run4\checkpoint_1500.npz,1903775,c45c948be7abe2a743351c9c2cf3b9c3f024d2c0b70542d8bb532f026e0777fb
tasks\HPR_THDOT_PS\run0\checkpoint_1500.npz,1864031,3f864e84001c06807cdcf90c0dd659c3f9f8ede60e5fcd0bc31c5c0955d30a82
tasks\HPR_THDOT_PS\run1\checkpoint_1500.npz,4432035,67c83987fb25f632c235d6f25d6572c3c38f831173aacc67d0a320a797e2c3ae
tasks\HPR_THDOT_PS\run2\checkpoint_1500.npz,2690703,b00b220b3bcfaee6dae6572c36ce2d9562eb8860c2f378c11a0f3da5e610aa78
tasks\HPR_THDOT_PS\run3\checkpoint_1500.npz,2750754,6223e791c51e49168d42de9065efcc5a6ef2b09077aa096e01d618a3de9b9ccb
tasks\HPR_THDOT_PS\run4\checkpoint_1500.npz,4430185,acf67b48c5feb2fb35977339436bd73d49e537382153619348c723053aeef63b
tasks\SGRR_O2_JS\run0\checkpoint_1500.npz,7380088,819a5d22fe6f9d0dd1af8bc9402e5a3236db6816d51cd1f89b70b3a373947c17
tasks\SGRR_O2_JS\run1\checkpoint_1500.npz,7362700,33d41cae63fd6cd850c36c4fb4cea1432f5e59f84ec0abee5b3cf29f7c471f16
tasks\SGRR_O2_JS\run2\checkpoint_1500.npz,7391652,8adfdac14b86b98107726b8262400616b3064c20555df9ddc17640140545415a
tasks\SGRR_O2_JS\run3\checkpoint_1500.npz,7376708,75d104b69d82383a979a3d5ed80465ed79b78b3fe71901c85713f43ef74d796b
tasks\SGRR_O2_JS\run4\checkpoint_1500.npz,7337607,3169c8e75f140b545e1a725a8397c8eb1f82ea199917217a4fe01d80c6582e10
