paper_run_id,internal_training_seed,condition_id,condition_family,joint_one_based,success_count,success_rate,success_rate_delta_vs_baseline,desired_revolutions_mean,desired_revolutions_delta_mean,desired_revolutions_delta_ci_low,desired_revolutions_delta_ci_high,forward_body_lengths_mean,forward_body_lengths_delta_mean,forward_body_lengths_delta_ci_low,forward_body_lengths_delta_ci_high,desired_active_rotation_fraction_mean,desired_active_rotation_fraction_delta_mean,desired_active_rotation_fraction_delta_ci_low,desired_active_rotation_fraction_delta_ci_high
2,9203,BASELINE,global,,7,0.35,0.0,0.798859078830441,0.0,0.0,0.0,1.7627158604359394,0.0,0.0,0.0,0.7114704389647841,0.0,0.0,0.0
2,9203,GLOBAL_K1_OFF,global,,0,0.0,-0.35,-0.004851814694978514,-0.8037108935254196,-1.0123969144968372,-0.5858008048102809,0.4218125754698083,-1.340903284966131,-1.6164909519353694,-1.0620016648040715,0.4819005791336819,-0.2295698598311021,-0.273434129114893,-0.18585804956276156
2,9203,GLOBAL_K2_OFF,global,,0,0.0,-0.35,0.31437551121338553,-0.4844835676170556,-0.6841464509138769,-0.27721278141574984,0.567198649793121,-1.1955172106428187,-1.4860770128795455,-0.8989344893720146,0.5642695295623296,-0.1472009094024544,-0.18830922764048597,-0.10671964536973239
2,9203,GLOBAL_BOTH_OFF,global,,0,0.0,-0.35,1.1653846816431337e-05,-0.7988474249836246,-1.0084945482478231,-0.5871376633044751,-1.155759482307676e-05,-1.7627274180307626,-2.0330888658894204,-1.4910219318420752,0.4330485560748718,-0.2784218828899121,-0.4445914949562721,-0.11002754940677456
2,9203,J01_BOTH_OFF,whole_joint_ablation,1.0,0,0.0,-0.35,-0.00348379779129719,-0.8023428766217384,-1.0157738377346175,-0.5861841367887544,0.5813388845069368,-1.181376975929003,-1.4543711325448672,-0.9077767545919878,0.47742103352190746,-0.23404940544287656,-0.2781113146887256,-0.18876350467823366
2,9203,J02_BOTH_OFF,whole_joint_ablation,2.0,0,0.0,-0.35,0.00317259920284668,-0.7956864796275944,-1.00631985545452,-0.5803257640146481,0.7799642481008852,-0.9827516123350544,-1.2635174085624756,-0.7108579205042705,0.49765570024658823,-0.2138147387181958,-0.2577585626138957,-0.16807242774628672
2,9203,J03_BOTH_OFF,whole_joint_ablation,3.0,0,0.0,-0.35,0.015676096414066688,-0.7831829824163744,-0.9895988929104697,-0.5683410015211057,2.056705608238703,0.2939897478027635,0.005514797512426614,0.5757605015729905,0.5344680976065067,-0.1770023413582773,-0.2217357706785955,-0.1324492447941651
2,9203,J04_BOTH_OFF,whole_joint_ablation,4.0,0,0.0,-0.35,0.021310549067555012,-0.777548529762886,-0.9906267414236014,-0.5555982979967771,1.2960867981177686,-0.46662906231817053,-0.7491660336388318,-0.18793269077196484,0.5215746583838885,-0.18989578058089554,-0.2361019114309586,-0.14415103104443544
2,9203,J05_BOTH_OFF,whole_joint_ablation,5.0,0,0.0,-0.35,-0.12696684684882903,-0.9258259256792701,-1.1445306165460623,-0.7090174607619287,0.31286087533636875,-1.4498549850995706,-1.7358580707143345,-1.172320667916438,0.570854971187327,-0.14061546777745687,-0.18467369215999402,-0.0957510597973179
2,9203,J06_BOTH_OFF,whole_joint_ablation,6.0,0,0.0,-0.35,0.18343268471732843,-0.6154263941131127,-0.823343586474007,-0.40972996864735145,0.3159801762965336,-1.4467356841394061,-1.7125435528474933,-1.1837761434061183,0.7391118836250972,0.02764144466031305,-0.03496759229028165,0.09120388444222552
2,9203,J07_BOTH_OFF,whole_joint_ablation,7.0,0,0.0,-0.35,0.21756091588520418,-0.581298162945237,-0.8088027455426675,-0.35737275784338507,0.46641882371406596,-1.2962970367218731,-1.585977348971221,-1.0092953833722,0.5705319291927972,-0.14093850977198688,-0.1860137556015711,-0.0952545124750902
2,9203,J08_BOTH_OFF,whole_joint_ablation,8.0,11,0.55,0.20000000000000007,0.9824854219725131,0.18362634314207188,-0.22293857608024462,0.5631466705130901,1.7632680491243071,0.0005521886883679605,-0.47577479132664907,0.4610187076063526,0.7381377974103857,0.026667358445601818,-0.049022788245068755,0.10062131192551134
2,9203,J01_ONLY,single_joint_retention,1.0,0,0.0,-0.35,0.0020473607950242697,-0.796811718035417,-1.0047047053082478,-0.5762918894667204,-0.008038064931171828,-1.7707539253671114,-2.0445994810368675,-1.5049489568114316,0.6362255062719688,-0.0752449326928151,-0.13775421646501795,-0.01570980714462416
2,9203,J02_ONLY,single_joint_retention,2.0,0,0.0,-0.35,1.1643237394347214e-05,-0.7988474355930467,-1.0129140862754284,-0.5864199555793678,-6.328862114083456e-05,-1.7627791490570803,-2.036120408906738,-1.5020451987720447,0.5199603174603176,-0.1915101215044665,-0.3294679230678192,-0.06215022423665478
2,9203,J03_ONLY,single_joint_retention,3.0,0,0.0,-0.35,1.163369600907405e-05,-0.7988474451344321,-1.0079038204170512,-0.5799270601686806,-1.7725608601277458e-06,-1.7627176329967995,-2.033745435364543,-1.4926047253528976,0.5429829471354239,-0.16848749182936007,-0.3058813001262819,-0.03387436698278683
2,9203,J04_ONLY,single_joint_retention,4.0,0,0.0,-0.35,1.919255679241186e-05,-0.7988398862736487,-1.006099050458429,-0.5838345622774145,-3.2356880533571926e-05,-1.7627482173164732,-2.0327222145182673,-1.4974574644886345,0.5671163430867378,-0.14435409587804618,-0.27580208567371495,-0.015837221402772925
2,9203,J05_ONLY,single_joint_retention,5.0,0,0.0,-0.35,-0.000492328955757607,-0.7993514077861988,-1.0097615472334835,-0.5818333945316244,0.01178205343737749,-1.7509338069985616,-2.0179322456699564,-1.4759870407526994,0.5263189552920673,-0.18515148367271658,-0.2406093488405669,-0.12874275610165534
2,9203,J06_ONLY,single_joint_retention,6.0,0,0.0,-0.35,-0.001265565182784195,-0.8001246440132255,-1.011288875263964,-0.5838288794259823,0.0506395082829937,-1.7120763521529454,-1.9813118029197414,-1.4444952852872532,0.588844131800737,-0.12262630716404696,-0.16457902913618994,-0.07810203330631492
2,9203,J07_ONLY,single_joint_retention,7.0,0,0.0,-0.35,-4.167000443073397e-05,-0.7989007488348718,-1.0058731374583332,-0.5845139036008036,0.0001366479175415796,-1.762579212518398,-2.0332987883143674,-1.4969064445002767,0.5994465765088332,-0.11202386245595093,-0.18344894223247704,-0.04277311807207263
2,9203,J08_ONLY,single_joint_retention,8.0,0,0.0,-0.35,-0.00010349198196252865,-0.7989625708124036,-1.0095154116872291,-0.5843473316976301,9.286508188958477e-05,-1.7626229953540498,-2.031235228532602,-1.4940237814825132,0.6096346936055198,-0.10183574535926412,-0.16827778887004619,-0.03593827015151932
2,9203,J01_K1_OFF,joint_k1_ablation,1.0,0,0.0,-0.35,-0.002277122855806215,-0.8011362016862472,-1.0138103709601034,-0.5862572736340274,0.8543091278203369,-0.9084067326156026,-1.2287145905534915,-0.6091780179078667,0.5085072104091011,-0.20296322855568283,-0.2448937788370722,-0.15921204887680862
2,9203,J02_K1_OFF,joint_k1_ablation,2.0,0,0.0,-0.35,-0.0025958405803941246,-0.8014549194108351,-1.006228503774249,-0.582759064146401,0.7219415903212305,-1.0407742701147091,-1.2920924123562367,-0.7800585736297511,0.5023782117315816,-0.2090922272332024,-0.2540062297950614,-0.16291647311234084
2,9203,J03_K1_OFF,joint_k1_ablation,3.0,0,0.0,-0.35,0.01857438891096288,-0.7802846899194783,-0.9885374988621831,-0.5624235460543636,2.0157680802091464,0.253052219773207,-0.04191775304769516,0.5459035834456255,0.5291935898647637,-0.18227684910002037,-0.2235955914035419,-0.1407245996034223
2,9203,J04_K1_OFF,joint_k1_ablation,4.0,0,0.0,-0.35,0.030077503573633736,-0.7687815752568073,-0.9777125094545344,-0.5580974721628981,1.961576044499651,0.19886018406371136,-0.06982039351713044,0.468868081198771,0.5825343595020164,-0.12893607946276758,-0.17328734634671905,-0.08373879191290635
2,9203,J05_K1_OFF,joint_k1_ablation,5.0,6,0.3,-0.04999999999999999,0.7973357822298964,-0.0015232966005447796,-0.2510869832291581,0.25257970003267516,1.750938725969726,-0.011777134466214001,-0.3373058294384347,0.32564158460090425,0.7094287576292733,-0.0020416813355107312,-0.056029067328688224,0.051081321566993604
2,9203,J06_K1_OFF,joint_k1_ablation,6.0,0,0.0,-0.35,0.07853150366537573,-0.7203275751650655,-0.9325057131845126,-0.5018131019190246,0.9529934588590591,-0.8097224015768806,-1.1274510982177404,-0.5046314205412061,0.5590473000397367,-0.15242313892504739,-0.19641005408304915,-0.10732375482400161
2,9203,J07_K1_OFF,joint_k1_ablation,7.0,0,0.0,-0.35,0.21875000874204648,-0.5801090700883946,-0.8040685154270949,-0.3443744998295891,0.9098450547704315,-0.8528708056655081,-1.113531854583789,-0.6033877653963812,0.554282851695423,-0.15718758726936105,-0.20235297385490733,-0.1140112785500424
2,9203,J08_K1_OFF,joint_k1_ablation,8.0,3,0.15,-0.19999999999999998,0.5822157785670272,-0.21664330026341388,-0.488998840321283,0.08887621860541682,1.667114510064494,-0.09560135037144589,-0.4394375618968278,0.2568730201511229,0.6595405368294183,-0.05192990213536579,-0.10834546529540844,0.011098523146018844
2,9203,J01_K2_OFF,joint_k2_ablation,1.0,2,0.1,-0.24999999999999997,0.32368262532233205,-0.475176453508109,-0.7576082381578806,-0.20311777013392882,0.7305881673203484,-1.0321276931155912,-1.4655226044226395,-0.5986405860891395,0.5767663679333875,-0.13470407103139648,-0.1974318539141021,-0.07119894985618865
2,9203,J02_K2_OFF,joint_k2_ablation,2.0,8,0.4,0.050000000000000044,0.7862548064363585,-0.012604272394082627,-0.23849282449659295,0.2166743268588483,1.6953486888241716,-0.06736717161176815,-0.3405157848737793,0.2220041358686697,0.6789457044573797,-0.03252473450740439,-0.07635999839089129,0.012404402568738046
2,9203,J03_K2_OFF,joint_k2_ablation,3.0,7,0.35,0.0,0.7848747294812397,-0.013984349349201383,-0.24979553622528447,0.20637190079615048,1.8124542735820435,0.049738413146103444,-0.30896007312958373,0.39684315320418245,0.697141909191658,-0.014328529773126064,-0.06257826312461741,0.03183420898220487
2,9203,J04_K2_OFF,joint_k2_ablation,4.0,6,0.3,-0.04999999999999999,0.7362114438595614,-0.0626476349708797,-0.37649325920642185,0.26392574404887337,1.4897824572659286,-0.2729334031700106,-0.6850292369044126,0.1600887329991865,0.6481219465553825,-0.06334849240940141,-0.12447654974642504,-0.0028448249133658575
2,9203,J05_K2_OFF,joint_k2_ablation,5.0,1,0.05,-0.3,0.3795541207467703,-0.41930495808367085,-0.6604727557443126,-0.17043877868700116,0.6110802218855019,-1.1516356385504376,-1.4616618941072608,-0.8374801653474334,0.6283889431629125,-0.0830814958018716,-0.13246203429121375,-0.029397662146671086
2,9203,J06_K2_OFF,joint_k2_ablation,6.0,4,0.2,-0.14999999999999997,0.4690155086330396,-0.32984357019740157,-0.620799517080068,-0.030309227154618024,0.6657889094544462,-1.0969269509814932,-1.4686236098380312,-0.7063913405168718,0.6253189115703839,-0.0861515273944001,-0.1501693976521843,-0.021168494011882054
2,9203,J07_K2_OFF,joint_k2_ablation,7.0,4,0.2,-0.14999999999999997,0.4784937453418294,-0.32036533348861174,-0.6780294482475657,0.037284037622803155,0.9762904155609968,-0.7864254448749426,-1.2209620206946599,-0.34974926668343254,0.6520996941815314,-0.05937074478325255,-0.13903056875512693,0.022028009855339904
2,9203,J08_K2_OFF,joint_k2_ablation,8.0,0,0.0,-0.35,0.27809007235628014,-0.520769006474161,-0.749198164841574,-0.2820831328085563,0.6117152887900849,-1.1510005716458547,-1.4911684500128735,-0.8236861097572347,0.6125280109280934,-0.09894242803669055,-0.14679681716561355,-0.04865011433148782
