configuration_id,paper_label,formal_run,internal_training_seed,checkpoint_batch,checkpoint_sha256,evaluation_episode_count,lenient_success_count,lenient_success_rate,run_discovered_lenient_rolling,secondary_strict_success_count,secondary_strict_success_rate,run_met_secondary_strict_threshold,official_identity_gate_passed,scaled_progress_x100_mean,scaled_progress_x100_sd,scaled_progress_x100_median,scaled_progress_x100_min,scaled_progress_x100_max,forward_displacement_mean,forward_displacement_sd,forward_displacement_median,forward_displacement_min,forward_displacement_max,forward_body_lengths_mean,forward_body_lengths_sd,forward_body_lengths_median,forward_body_lengths_min,forward_body_lengths_max,rotation_span_degrees_mean,rotation_span_degrees_sd,rotation_span_degrees_median,rotation_span_degrees_min,rotation_span_degrees_max,desired_net_rotation_degrees_mean,desired_net_rotation_degrees_sd,desired_net_rotation_degrees_median,desired_net_rotation_degrees_min,desired_net_rotation_degrees_max,desired_active_rotation_fraction_mean,desired_active_rotation_fraction_sd,desired_active_rotation_fraction_median,desired_active_rotation_fraction_min,desired_active_rotation_fraction_max,torque_saturation_fraction_pre_step_mean,torque_saturation_fraction_pre_step_sd,torque_saturation_fraction_pre_step_median,torque_saturation_fraction_pre_step_min,torque_saturation_fraction_pre_step_max
HPR_DTH_PS,HPR-DTH-PS,0,9201,1500,0c68a13b520616952abcbdb39357f890eb109962bf12b5d897c58d0a67aa9b47,20,0,0.0,False,0,0.0,False,,0.005108381082594859,0.046613742192737326,0.0028301005292451,-0.1324533011694439,0.12963654207531364,0.051083810825948595,0.46613742192737323,0.028301005292450998,-1.324533011694439,1.2963654207531363,0.005671791434716597,0.051751204718230075,0.003152574928989927,-0.14711667135617398,0.14380714340719525,5.5164499055667084,6.387784989598892,4.62063307167748,0.13733924237092748,23.35830861059845,0.049631550950680135,1.217374901438287,0.06197938566309068,-3.7112895785683224,3.659353930115552,0.478624335512972,0.2690602092587515,0.520116492287779,0.0,1.0,0.0,0.0,0.0,0.0,0.0
HPR_DTH_PS,HPR-DTH-PS,1,9202,1500,1c0167442ee274d889a6b9231655360a9f821cf965512ee9de072170499d1cc2,20,0,0.0,False,0,0.0,False,,3.4210347104817456e-05,0.003289079130614149,-0.0011139193898998228,-0.004338937441352753,0.0046318153326865286,0.0003421034710481746,0.03289079130614149,-0.011139193898998229,-0.043389374413527526,0.046318153326865286,3.825300627970469e-05,0.0036538105681152375,-0.001238660772721232,-0.00481536621623293,0.0051611224288731,4.8181260876400795,2.766220137649102,4.58013435104106,0.30392009461358277,10.191240627532528,-0.11697481477083235,1.058459298566446,0.0160818964916858,-2.5493303391241127,1.7336356635138714,0.4628413781566483,0.1875984853730537,0.470962907455976,0.0,0.6774193548387096,0.0,0.0,0.0,0.0,0.0
HPR_DTH_PS,HPR-DTH-PS,2,9203,1500,6b7307c84db790549206b50e764bd8563fd7fa3399db5e883e4e98da61c49e12,20,0,0.0,False,0,0.0,False,,0.005108381082594859,0.046613742192737326,0.0028301005292451,-0.1324533011694439,0.12963654207531364,0.051083810825948595,0.46613742192737323,0.028301005292450998,-1.324533011694439,1.2963654207531363,0.005671791434716597,0.051751204718230075,0.003152574928989927,-0.14711667135617398,0.14380714340719525,5.5164499055667084,6.387784989598892,4.62063307167748,0.13733924237092748,23.35830861059845,0.049631550950680135,1.217374901438287,0.06197938566309068,-3.7112895785683224,3.659353930115552,0.478624335512972,0.2690602092587515,0.520116492287779,0.0,1.0,0.0,0.0,0.0,0.0,0.0
HPR_DTH_PS,HPR-DTH-PS,3,9204,1500,d9e61cd2fb7d4fb2463508b68b7a7fcd8a4d403dd9b263cb090cb67cf381b5ed,20,0,0.0,False,0,0.0,False,,2.622380647824437,0.1268749571442747,2.6666442591685335,2.3297865028004163,2.7818152454902885,26.22380647824437,1.2687495714427468,26.66644259168534,23.297865028004164,27.818152454902883,2.913351844152614,0.1429115685679381,2.9621848600748595,2.5877077599150775,3.0997110258611267,21.225215600691136,3.5393643320105124,21.816543949748144,15.911380062564579,28.738076567997595,8.197734303723596,3.7558393346893224,8.491752443253302,1.5887624965894156,15.068888913739519,0.50845939956655,0.02076351040198372,0.5076677501741351,0.46415981198589895,0.5533411488862837,0.0,0.0,0.0,0.0,0.0
HPR_DTH_PS,HPR-DTH-PS,4,9205,1500,b53ec0322cb9061ebca9048867f6779ff379e7325bd7f97cb245b07441e537af,20,0,0.0,False,0,0.0,False,,0.005108381082594859,0.046613742192737326,0.0028301005292451,-0.1324533011694439,0.12963654207531364,0.051083810825948595,0.46613742192737323,0.028301005292450998,-1.324533011694439,1.2963654207531363,0.005671791434716597,0.051751204718230075,0.003152574928989927,-0.14711667135617398,0.14380714340719525,5.5164499055667084,6.387784989598892,4.62063307167748,0.13733924237092748,23.35830861059845,0.049631550950680135,1.217374901438287,0.06197938566309068,-3.7112895785683224,3.659353930115552,0.478624335512972,0.2690602092587515,0.520116492287779,0.0,1.0,0.0,0.0,0.0,0.0,0.0
HPR_THDOT_PS,HPR-THDOT-PS,0,9201,1500,1c8aa2ccea13b07eb51510e8503a60ba59c41bc44bb1e6f0147d60913b6f2ee0,20,0,0.0,False,0,0.0,False,,0.005108381082594859,0.046613742192737326,0.0028301005292451,-0.1324533011694439,0.12963654207531364,0.051083810825948595,0.46613742192737323,0.028301005292450998,-1.324533011694439,1.2963654207531363,0.005671791434716597,0.051751204718230075,0.003152574928989927,-0.14711667135617398,0.14380714340719525,5.5164499055667084,6.387784989598892,4.62063307167748,0.13733924237092748,23.35830861059845,0.049631550950680135,1.217374901438287,0.06197938566309068,-3.7112895785683224,3.659353930115552,0.478624335512972,0.2690602092587515,0.520116492287779,0.0,1.0,0.0,0.0,0.0,0.0,0.0
HPR_THDOT_PS,HPR-THDOT-PS,1,9202,1500,1459f3faf731b01a763b4d6705db4e0af21ef6c148032308a41fe47c94965f1e,20,0,0.0,False,0,0.0,False,,2.928002803013951,0.1701669771143724,2.889347159354948,2.5947331896377728,3.3872851779870694,29.280028030139512,1.7016697711437236,28.893471593549478,25.94733189637773,33.87285177987069,3.252802592595021,0.18929861620258276,3.2157877374161066,2.8800360571503947,3.7587165321317557,33.56314453129486,6.099480078613706,34.33972631812246,21.111867709017222,47.85758103733609,19.329194062453602,6.616353208518949,18.72640301978121,3.532278723116813,29.260816164766823,0.5152681677739848,0.0182383773406707,0.5159573265827362,0.4704519119351101,0.5452538631346578,0.0,0.0,0.0,0.0,0.0
HPR_THDOT_PS,HPR-THDOT-PS,2,9203,1500,04496ed0468da4390399b81507d9c66613f4b8a2c4adc70ae50a05c0b8e655de,20,0,0.0,False,0,0.0,False,,3.4210347104817456e-05,0.003289079130614149,-0.0011139193898998228,-0.004338937441352753,0.0046318153326865286,0.0003421034710481746,0.03289079130614149,-0.011139193898998229,-0.043389374413527526,0.046318153326865286,3.825300627970469e-05,0.0036538105681152375,-0.001238660772721232,-0.00481536621623293,0.0051611224288731,4.8181260876400795,2.766220137649102,4.58013435104106,0.30392009461358277,10.191240627532528,-0.11697481477083235,1.058459298566446,0.0160818964916858,-2.5493303391241127,1.7336356635138714,0.4628413781566483,0.1875984853730537,0.470962907455976,0.0,0.6774193548387096,0.0,0.0,0.0,0.0,0.0
HPR_THDOT_PS,HPR-THDOT-PS,3,9204,1500,d9f8d8a75e3c26088b8d69becac96eb3c85cbbaba71a5afa98a2d7d75efe48ed,20,0,0.0,False,0,0.0,False,,-0.0001564345835940911,0.0007079878605789787,-0.0003233977465424698,-0.0014055031281896002,0.0011855025682598387,-0.0015643458359409113,0.007079878605789788,-0.0032339774654246978,-0.014055031281896002,0.011855025682598386,-0.00017363079254644945,0.0007862244813095106,-0.00035957977542496226,-0.001561100704733851,0.0013154650401401601,0.5794238333180756,0.4905270793562709,0.467594468953171,0.2867166154388848,2.549656158348822,0.015649648494545164,0.11510261049839142,0.012964310109448705,-0.25548895211612205,0.20938344675667264,0.4956893060567813,0.03510756506465513,0.4969879518072289,0.4264705882352941,0.5757575757575758,0.0,0.0,0.0,0.0,0.0
HPR_THDOT_PS,HPR-THDOT-PS,4,9205,1500,e32cb0bd943f98147620e66f2b77a404bf2a1d8ac3761f1126dd7b450b79a186,20,0,0.0,False,0,0.0,False,,2.8242097150546615,0.18884983757305418,2.826643777965801,2.489070453220047,3.115805002450943,28.24209715054662,1.888498375730542,28.26643777965801,24.89070453220047,31.158050024509432,3.137521913761897,0.21045953400341974,3.1393760945942275,2.761151338091658,3.457379732744435,25.655749583234716,5.922774478394607,24.545331414649926,18.13384070973229,46.21533026597429,13.130689673210881,5.81159557816442,13.602994099927383,2.832622441483133,21.56016833903261,0.5147749856558698,0.018708227366749267,0.5135746606334841,0.48645598194130923,0.5449561403508771,0.0,0.0,0.0,0.0,0.0
HPR_OBS_PS,HPR-OBS-PS,0,9201,1500,165c6158688ab961e5c19f62b3025415801af1eb3abe3f58476d751b1ca65199,20,0,0.0,False,0,0.0,False,,3.4210347104817456e-05,0.003289079130614149,-0.0011139193898998228,-0.004338937441352753,0.0046318153326865286,0.0003421034710481746,0.03289079130614149,-0.011139193898998229,-0.043389374413527526,0.046318153326865286,3.825300627970469e-05,0.0036538105681152375,-0.001238660772721232,-0.00481536621623293,0.0051611224288731,4.8181260876400795,2.766220137649102,4.58013435104106,0.30392009461358277,10.191240627532528,-0.11697481477083235,1.058459298566446,0.0160818964916858,-2.5493303391241127,1.7336356635138714,0.4628413781566483,0.1875984853730537,0.470962907455976,0.0,0.6774193548387096,0.0,0.0,0.0,0.0,0.0
HPR_OBS_PS,HPR-OBS-PS,1,9202,1500,24b12f863937f9c69f5adb1271e98ac6cbd22b36aefbaa8ae46178637f0ff091,20,0,0.0,False,0,0.0,False,,2.3315853025180404,0.1435676496303706,2.3295822486164983,2.0786400676053023,2.6485790453385567,23.315853025180406,1.4356764963037065,23.29582248616498,20.78640067605302,26.485790453385565,2.590206943561244,0.15951333071191484,2.5853808539336773,2.307894964225538,2.946589300663762,18.412320004441693,3.5351721362090855,18.45081737176884,12.140773351882302,24.472385454534418,7.013462008083702,4.471831516884663,7.775473434985345,-0.20357169918047682,12.652008051798024,0.5109860147891687,0.022184362165203003,0.5153388278388278,0.46316964285714285,0.5507246376811594,0.0,0.0,0.0,0.0,0.0
HPR_OBS_PS,HPR-OBS-PS,2,9203,1500,6dcd7af149b5b13ba1eaf7d181193c910a7caa136b64b73ecb522ce6f8df2add,20,0,0.0,False,0,0.0,False,,3.4210347104817456e-05,0.003289079130614149,-0.0011139193898998228,-0.004338937441352753,0.0046318153326865286,0.0003421034710481746,0.03289079130614149,-0.011139193898998229,-0.043389374413527526,0.046318153326865286,3.825300627970469e-05,0.0036538105681152375,-0.001238660772721232,-0.00481536621623293,0.0051611224288731,4.8181260876400795,2.766220137649102,4.58013435104106,0.30392009461358277,10.191240627532528,-0.11697481477083235,1.058459298566446,0.0160818964916858,-2.5493303391241127,1.7336356635138714,0.4628413781566483,0.1875984853730537,0.470962907455976,0.0,0.6774193548387096,0.0,0.0,0.0,0.0,0.0
HPR_OBS_PS,HPR-OBS-PS,3,9204,1500,8fda7817e99d0a5366779de14f39348554d661c0b715dfdf8816ad5b612bbc6d,20,0,0.0,False,0,0.0,False,,2.6721164285403796,0.1949104790770982,2.6620969644596335,2.3477844880893826,3.17919349628035,26.721164285403795,1.9491047907709815,26.620969644596336,23.477844880893826,31.7919349628035,2.968529839474619,0.2167054146704784,2.956238241479334,2.606577815821274,3.5267118955795755,27.083875266135806,4.33735799107242,26.614437101450452,19.219584217114743,36.63867760880885,11.887628482857124,4.706157801322022,11.921143176647643,3.5637085328508378,20.07700580082739,0.5160433343912684,0.021366545803364355,0.5141686671537418,0.4637336504161712,0.5576923076923077,0.0,0.0,0.0,0.0,0.0
HPR_OBS_PS,HPR-OBS-PS,4,9205,1500,ed3278b306d8b513943c1c6156cf7f409073d54f3d6a3802db86c036ea86124c,20,0,0.0,False,0,0.0,False,,3.4210347104817456e-05,0.003289079130614149,-0.0011139193898998228,-0.004338937441352753,0.0046318153326865286,0.0003421034710481746,0.03289079130614149,-0.011139193898998229,-0.043389374413527526,0.046318153326865286,3.825300627970469e-05,0.0036538105681152375,-0.001238660772721232,-0.00481536621623293,0.0051611224288731,4.8181260876400795,2.766220137649102,4.58013435104106,0.30392009461358277,10.191240627532528,-0.11697481477083235,1.058459298566446,0.0160818964916858,-2.5493303391241127,1.7336356635138714,0.4628413781566483,0.1875984853730537,0.470962907455976,0.0,0.6774193548387096,0.0,0.0,0.0,0.0,0.0
HPR_O2_PS,HPR-O2-PS,0,9201,1500,632389558802adb0b5a178a9c2c1706bdc5ab2bde889a34ee04e4b17c30476d0,20,0,0.0,False,0,0.0,False,,2.8635294248324934,0.21612679133028087,2.8935075494367632,2.5226480598072523,3.2360543437534943,28.635294248324936,2.1612679133028085,28.93507549436763,25.226480598072524,32.36054343753494,3.181152825615823,0.23993805273339353,3.212685451725084,2.8019202412115436,3.5897882158510206,35.47422660024709,8.919412480422361,33.0789261338568,22.23231780847547,52.49478819411285,19.863027097251468,8.98865349038465,18.327305554024306,7.3992080389223975,42.40694489249792,0.5250163055271625,0.02169904669235674,0.5288317793776309,0.47624703087885983,0.5610328638497653,0.9895125,0.0006333650730735631,0.989375,0.988625,0.99075
HPR_O2_PS,HPR-O2-PS,1,9202,1500,7be3e18700f178ca8037aa33a4c9a75808383b1784714b4c8edb660b9d2734a9,20,0,0.0,False,0,0.0,False,,2.6728400098544665,0.21171992883513388,2.6730507897376086,2.1170181477069856,3.081549258851447,26.728400098544665,2.117199288351339,26.730507897376086,21.170181477069853,30.815492588514466,2.9694290683323983,0.23668999249430264,2.967674258390347,2.3504846458613944,3.426605335363754,33.74572286789057,8.99964550036261,31.37150733476738,19.806706654498726,54.19878000365162,15.629790127569226,8.371418961330503,16.31965189884844,0.32217729042432347,30.53552970265255,0.516210902700865,0.01961427311687468,0.5117949552438634,0.4863636363636364,0.5619930475086906,0.9879312499999999,0.001162372658560253,0.9881875,0.985,0.98975
HPR_O2_PS,HPR-O2-PS,2,9203,1500,b121450845f8143b7136a7bc91f79e59484a6cdbfc24cd9f72998cb43834e32f,20,0,0.0,False,0,0.0,False,,2.882033528493077,0.25673898777849374,2.911901012312155,2.344055997133255,3.349923537056893,28.82033528493077,2.5673898777849367,29.119010123121555,23.44055997133255,33.49923537056893,3.201770700540682,0.28576529778808024,3.2311886056162598,2.602560415586775,3.7172580159299176,37.4489943525097,7.618812443752685,36.78526976818567,26.290550989259188,53.67168647031906,22.46496383968921,8.541480000593408,23.320642682979205,9.86519384254662,38.329635159573904,0.5192489355266823,0.02081884403018182,0.5211921327884367,0.48419864559819414,0.5608899297423887,0.9913875000000001,0.0008875046330494269,0.9911875,0.98975,0.993
HPR_O2_PS,HPR-O2-PS,3,9204,1500,d646088e649ce63b3c1ab82e91a64d04c265c790a92eb5ae129db30e45a5ef6f,20,0,0.0,False,0,0.0,False,,2.8996856443149155,0.2612807299174266,2.856323705791729,2.428800704367459,3.4873951646965,28.996856443149152,2.6128072991742664,28.563237057917288,24.28800704367459,34.873951646965,3.2213396371217478,0.2904998088304591,3.172365662906913,2.696524347601993,3.8709666131227967,38.54059563979299,6.7713298535220146,36.942812839890806,28.049524579062357,54.38737391027451,23.11647755940649,7.943645498430451,21.320681903191343,9.103694882657164,38.05530513241413,0.5310561458800015,0.022071428799826997,0.5219722391702257,0.5022522522522522,0.5909592061742006,0.98523125,0.0012787965919895878,0.9854375,0.981875,0.987
HPR_O2_PS,HPR-O2-PS,4,9205,1500,fa7149fa1d2ef815c9fe914ba5f8e1f7b5ea58fd12b04eb6a9218343295448a7,20,0,0.0,False,0,0.0,False,,2.856786006138951,0.266102650604625,2.87694107489835,2.279470607955009,3.398721080445685,28.567860061389514,2.6610265060462504,28.769410748983503,22.79470607955009,33.98721080445685,3.1737560720567726,0.2965843255088169,3.19894200820093,2.532316713461742,3.7792924303306985,38.234997316190515,6.890442576387787,37.81551068970549,26.33202455697495,50.60224268803728,21.823465819463912,10.67751258524724,21.280088380837118,-2.0289887846035053,39.23909572222845,0.5217696144870173,0.02127611705397639,0.5164260201234194,0.48,0.5610561056105611,0.9891937499999999,0.0006210069814846213,0.9893125,0.98825,0.99025
HPR_O2_JS,HPR-O2-JS,0,9201,1500,b697425ffa994ccc4ce32db29573e6f87576c3c16ce39ea35a50a38a183e7ea6,20,20,1.0,True,20,1.0,True,True,2.816294327901036,0.31371517609901195,2.804892720547505,2.249623488956131,3.4578570482414217,28.162943279010364,3.1371517609901183,28.048927205475046,22.49623488956131,34.578570482414214,3.1285480230589835,0.34712656288342564,3.1144635340497633,2.49553036905722,3.8381796597629836,817.7495268591687,154.2830750887111,817.4139942565553,426.7796980870578,1017.2833814559401,815.9421732845328,154.15948568023228,817.1170939660967,421.6276566520195,1017.2757904089867,0.8507314915684351,0.04523811716106392,0.8561312552622908,0.714902807775378,0.9057591623036649,0.8935375000000001,0.007245472724398329,0.89225,0.880625,0.911375
HPR_O2_JS,HPR-O2-JS,1,9202,1500,e3715c6deb1410a85a12261883a2eb80d5a8ff9f95c32f7b17624c5b5823cfdc,20,0,0.0,False,0,0.0,False,True,1.715401529954106,0.11269761866311978,1.7287111926422223,1.5022080707526766,1.873994189016521,17.15401529954106,1.1269761866311978,17.28711192642222,15.022080707526767,18.73994189016521,1.9056755260599505,0.12514717180121437,1.9225537052444297,1.6671551713821524,2.0810489509012506,21.07753416297098,3.109737755332669,21.000262999664507,15.712664916220573,27.106673462455134,7.224263243713695,4.001242085017372,6.403578659840091,-0.9903085251076188,14.863973610385091,0.5265193792386131,0.02345173670110998,0.5196087657550834,0.4876905041031653,0.5663924794359577,0.77040625,0.0030693398377295575,0.770875,0.76475,0.774875
HPR_O2_JS,HPR-O2-JS,2,9203,1500,0428d9a86b6622d924738c68fe09df4c6ab922e2a3225a5c24ba41e96eb1c4b8,20,8,0.4,False,7,0.35,False,True,1.5867776597005432,0.5677004485965926,1.600529650351964,0.5591262375377118,2.702771233613603,15.867776597005435,5.677004485965926,16.005296503519638,5.591262375377119,27.02771233613603,1.7627158604359394,0.6302887880661735,1.7782894732044112,0.6199394484908273,2.99995338176666,311.0061638667929,163.5409813183365,305.88532493740547,58.02503884931133,584.5578508384932,287.58926837895876,179.8046846016571,273.9347068752535,-16.13915314854457,580.0919532378033,0.711470438964784,0.10273295031065313,0.7146133109481441,0.5114155251141552,0.8611111111111112,0.8458937499999999,0.009719780682358934,0.8466875,0.821625,0.860375
HPR_O2_JS,HPR-O2-JS,3,9204,1500,76b6cecf570069a7c7f2e65754114f541a0e475ab395378649c74a9abd061a1a,20,0,0.0,False,0,0.0,False,True,1.7536170753699842,0.28113017918546435,1.7640344054775778,1.1669681989215315,2.3507702262327075,17.536170753699842,2.811301791854644,17.64034405477578,11.669681989215315,23.507702262327076,1.948102924626827,0.3119544202116732,1.9580937833393923,1.2938931730903669,2.6105032458392237,26.43402054089871,5.624725643878877,25.148370108256856,18.77608412499415,40.69229368172234,11.478335956980578,7.446320420258662,11.764459045239455,-0.9230474424662287,23.103421198381753,0.5123880689603536,0.029382491025065408,0.5116994630356223,0.4482366325369738,0.5520716685330347,0.8980874999999999,0.004048249296723366,0.899,0.8915,0.906375
HPR_O2_JS,HPR-O2-JS,4,9205,1500,0edb440aa10351b24f8208880b208fc66ebf03cb548e803a7e45f85062eb9383,20,20,1.0,True,20,1.0,True,True,2.43699677769962,0.4309642207902112,2.547714850399643,1.621438453225419,3.180372620625422,24.3699677769962,4.309642207902111,25.477148503996432,16.21438453225419,31.80372620625422,2.7073029136883395,0.4788409202430632,2.8259464098790543,1.8030748142333304,3.5382187111055052,578.0780372951939,77.6221768509023,599.9791784266946,418.4105567358321,697.55324837686,577.7080580361873,77.93684667791007,599.6967965091039,416.72838116047336,697.5513691422385,0.8623090622348867,0.051814476484853295,0.872730558758396,0.7026143790849673,0.9203444564047363,0.85116875,0.013319904661722184,0.8512500000000001,0.830625,0.873
SGRR_O2_JS,SGRR-O2-JS,0,9201,1500,b2ae292c1e55a317ea29911cfcf67cf28db1cc82d5f5e36611c5bf4ca031bf34,20,19,0.95,True,19,0.95,True,True,2.5225114113551683,0.4808140894078224,2.6657911619194783,1.0337425994849765,3.1135442951729058,25.225114113551683,4.808140894078224,26.657911619194785,10.337425994849765,31.135442951729054,2.802482017204732,0.5348838219074351,2.9600264031674515,1.1472507398698097,3.469348870993582,849.3929520378075,172.10942599287733,875.2679181629751,299.7424292970954,1041.8809895525055,849.1453031101212,172.20332990294264,874.7570870698102,299.74141562845716,1041.880155233776,0.9146653099093462,0.0792099754203366,0.9498159305345447,0.6545253863134658,0.9822916666666667,0.52885,0.010625549521393173,0.5274375,0.50875,0.561375
SGRR_O2_JS,SGRR-O2-JS,1,9202,1500,37eda942c5cb171e61fba84bf279a1affdf3b612ac005d43d66ebb1cf441c713,20,20,1.0,True,20,1.0,True,True,3.5277879211169783,0.46775460146213343,3.559436681417283,1.852840454299003,4.136598875802012,35.27787921116978,4.677546014621334,35.59436681417283,18.528404542990028,41.36598875802011,3.9190276938216115,0.5190921778702788,3.9502296197548556,2.058363390791315,4.590195913328562,1125.7468587111457,128.63769298712506,1145.2141020610206,664.8465560728022,1283.5061268637207,1125.4987336592508,128.86817515153413,1145.133574310078,664.8448322636466,1283.5048485471868,0.9382999202977678,0.039340449385590746,0.9517037876399614,0.801906779661017,0.9693769799366421,0.59674375,0.008043822715697984,0.596,0.57925,0.610375
SGRR_O2_JS,SGRR-O2-JS,2,9203,1500,dd721641654bef7ac978f3aba509adcdbcb62e5aeea68bb7b81584728ebcb53a,20,20,1.0,True,20,1.0,True,True,2.960034936116368,0.6046682968836204,3.19011895423173,1.5249127306044101,3.708367730379105,29.600349361163683,6.046682968836204,31.9011895423173,15.249127306044102,37.08367730379105,3.288197531497564,0.6710333476834532,3.546784621970546,1.6954826636928206,4.117329566071529,759.6840182013509,145.06076145588491,801.0581578036508,402.68565168033206,1020.4430045396373,759.1584582381911,145.8877226385631,801.0568576438527,397.68340153276586,1020.441131011525,0.9011789549739365,0.046868031560931285,0.9094832514645581,0.797180043383948,0.9642857142857143,0.58435625,0.013869117707584804,0.584125,0.55075,0.61675
SGRR_O2_JS,SGRR-O2-JS,3,9204,1500,7fd72590cf4491cc7d445785fad07f62d38d6f9635daef321031cf426eecdd60,20,20,1.0,True,20,1.0,True,True,2.4262556211215562,0.6230535218413468,2.5986690000083765,1.1761499320529403,3.143386836671271,24.26255621121556,6.2305352184134675,25.98669000008376,11.761499320529403,31.43386836671271,2.6952498982172672,0.691644068424788,2.8869581239221374,1.3040735548924132,3.4953671678980673,796.5224986533663,125.33281625706921,819.9647847940454,535.4234556290519,985.1388123015672,794.5485880139091,126.85063482609591,817.8593554714782,531.9568174947589,985.1358130280097,0.8910906944639223,0.06584701894089746,0.9099071178573259,0.7281659388646288,0.9617021276595744,0.64373125,0.007913312712897504,0.644625,0.6235,0.656875
SGRR_O2_JS,SGRR-O2-JS,4,9205,1500,1a770ff49a9681e322be2d1c7a68d8593a6b690a8390b04b22e3d92ec9b34f74,20,20,1.0,True,20,1.0,True,True,3.3239611551028796,0.1653369940006961,3.292035246747546,3.113895986620337,3.734634066727013,33.239611551028794,1.6533699400069601,32.92035246747546,31.13895986620337,37.34634066727013,3.6926695970520482,0.18382185939917298,3.658425660462682,3.4595144828288005,4.140830510543947,1124.4793248868418,56.23385882221761,1114.0494440785383,1040.6174951863882,1317.008315311614,1124.1692749409854,56.486510613355534,1113.9551559984238,1040.615546059598,1317.0071579235928,0.954544441014782,0.015787339449220228,0.9573266399954696,0.9138110072689511,0.975,0.60813125,0.008148445424063884,0.6096874999999999,0.593625,0.62
